,Item,UsePercentage,Pokemon
0,Rusted Sword,100.000,Zacian Crowned Sword
1,Shuca Berry,36.082,Incineroar
2,Safety Goggles,23.390,Incineroar
3,Sitrus Berry,14.031,Incineroar
4,Focus Sash,8.994,Incineroar
5,Figy Berry,3.636,Incineroar
6,Assault Vest,3.173,Incineroar
7,Weakness Policy,2.494,Incineroar
8,Chople Berry,1.935,Incineroar
9,Eject Button,1.335,Incineroar
10,Other,4.928,Incineroar
11,Mystic Water,34.414,Kyogre
12,Life Orb,20.986,Kyogre
13,Choice Scarf,14.993,Kyogre
14,Assault Vest,9.969,Kyogre
15,Choice Specs,7.006,Kyogre
16,Sea Incense,3.690,Kyogre
17,Leftovers,3.189,Kyogre
18,Wave Incense,2.427,Kyogre
19,Other,3.326,Kyogre
20,Light Clay,57.116,Grimmsnarl
21,Iron Ball,20.017,Grimmsnarl
22,Lagging Tail,10.226,Grimmsnarl
23,Focus Sash,5.080,Grimmsnarl
24,Babiri Berry,2.821,Grimmsnarl
25,Other,4.740,Grimmsnarl
26,Life Orb,29.152,Regieleki
27,Focus Sash,28.769,Regieleki
28,Magnet,18.534,Regieleki
29,Assault Vest,17.208,Regieleki
30,Choice Scarf,1.755,Regieleki
31,Other,4.582,Regieleki
32,Assault Vest,41.249,Rillaboom
33,Miracle Seed,29.114,Rillaboom
34,Rose Incense,15.973,Rillaboom
35,Grassy Seed,4.515,Rillaboom
36,Expert Belt,3.748,Rillaboom
37,Life Orb,1.590,Rillaboom
38,Other,3.811,Rillaboom
39,Assault Vest,50.974,Groudon
40,Sitrus Berry,22.661,Groudon
41,Weakness Policy,5.618,Groudon
42,Choice Scarf,4.647,Groudon
43,White Herb,4.020,Groudon
44,Wide Lens,3.800,Groudon
45,Life Orb,3.520,Groudon
46,Other,4.760,Groudon
47,Focus Sash,61.341,Calyrex Shadow Rider
48,Choice Specs,19.098,Calyrex Shadow Rider
49,Life Orb,14.525,Calyrex Shadow Rider
50,Choice Scarf,3.928,Calyrex Shadow Rider
51,Other,1.108,Calyrex Shadow Rider
52,Assault Vest,43.265,Thundurus Incarnate Forme
53,Life Orb,19.423,Thundurus Incarnate Forme
54,Sitrus Berry,12.571,Thundurus Incarnate Forme
55,Safety Goggles,10.177,Thundurus Incarnate Forme
56,Magnet,5.361,Thundurus Incarnate Forme
57,Expert Belt,2.842,Thundurus Incarnate Forme
58,Iron Ball,2.545,Thundurus Incarnate Forme
59,Other,3.816,Thundurus Incarnate Forme
60,White Herb,42.077,Landorus Therian Forme
61,Life Orb,20.890,Landorus Therian Forme
62,Assault Vest,13.064,Landorus Therian Forme
63,Lum Berry,10.388,Landorus Therian Forme
64,Choice Scarf,7.671,Landorus Therian Forme
65,Choice Band,3.124,Landorus Therian Forme
66,Other,2.786,Landorus Therian Forme
67,Leftovers,84.781,Gastrodon
68,Rindo Berry,6.800,Gastrodon
69,Sitrus Berry,6.223,Gastrodon
70,Other,2.196,Gastrodon
71,Lum Berry,39.492,Charizard
72,Life Orb,28.879,Charizard
73,Charti Berry,21.713,Charizard
74,Assault Vest,4.232,Charizard
75,Wacan Berry,1.229,Charizard
76,Other,4.455,Charizard
77,Coba Berry,50.111,Amoonguss
78,Mental Herb,16.966,Amoonguss
79,Focus Sash,15.017,Amoonguss
80,Yache Berry,5.053,Amoonguss
81,Sitrus Berry,3.186,Amoonguss
82,Occa Berry,2.476,Amoonguss
83,Iapapa Berry,1.860,Amoonguss
84,Wiki Berry,1.431,Amoonguss
85,Other,3.901,Amoonguss
86,Psychic Seed,64.443,Indeedee Female
87,Focus Sash,23.447,Indeedee Female
88,Safety Goggles,9.133,Indeedee Female
89,Other,2.977,Indeedee Female
90,Focus Sash,59.282,Whimsicott
91,Eject Button,22.419,Whimsicott
92,Mental Herb,7.572,Whimsicott
93,Coba Berry,4.387,Whimsicott
94,Expert Belt,3.002,Whimsicott
95,Other,3.338,Whimsicott
96,Life Orb,49.056,Yveltal
97,Assault Vest,39.906,Yveltal
98,Weakness Policy,3.778,Yveltal
99,Black Glasses,2.648,Yveltal
100,Other,4.612,Yveltal
101,Weakness Policy,39.275,Calyrex Ice Rider
102,Babiri Berry,32.411,Calyrex Ice Rider
103,White Herb,11.253,Calyrex Ice Rider
104,Focus Sash,6.578,Calyrex Ice Rider
105,Life Orb,3.013,Calyrex Ice Rider
106,Assault Vest,2.849,Calyrex Ice Rider
107,Other,4.621,Calyrex Ice Rider
108,Life Orb,46.740,Palkia
109,Lustrous Orb,28.547,Palkia
110,Safety Goggles,10.162,Palkia
111,Wiki Berry,6.336,Palkia
112,Psychic Seed,3.851,Palkia
113,Other,4.364,Palkia
114,Eviolite,99.999,Porygon2
115,Other,0.001,Porygon2
116,Focus Sash,63.365,Tornadus Incarnate Forme
117,Life Orb,17.875,Tornadus Incarnate Forme
118,Mental Herb,6.243,Tornadus Incarnate Forme
119,Wacan Berry,3.918,Tornadus Incarnate Forme
120,Sharp Beak,2.393,Tornadus Incarnate Forme
121,Sitrus Berry,2.153,Tornadus Incarnate Forme
122,Other,4.053,Tornadus Incarnate Forme
123,Life Orb,68.894,Zapdos
124,Safety Goggles,19.278,Zapdos
125,Utility Umbrella,4.511,Zapdos
126,Assault Vest,3.374,Zapdos
127,Other,3.943,Zapdos
128,Assault Vest,73.383,Kartana
129,Life Orb,20.575,Kartana
130,Focus Sash,2.936,Kartana
131,Other,3.106,Kartana
132,Wacan Berry,60.820,Blastoise
133,Assault Vest,21.366,Blastoise
134,Mystic Water,8.865,Blastoise
135,Weakness Policy,1.821,Blastoise
136,Sitrus Berry,1.665,Blastoise
137,Life Orb,1.495,Blastoise
138,Other,3.968,Blastoise
139,Focus Sash,28.253,Venusaur
140,Weakness Policy,23.713,Venusaur
141,Life Orb,20.899,Venusaur
142,Coba Berry,19.643,Venusaur
143,Assault Vest,3.178,Venusaur
144,Other,4.314,Venusaur
145,Leftovers,81.215,Ferrothorn
146,Assault Vest,14.350,Ferrothorn
147,Other,4.435,Ferrothorn
148,Choice Scarf,92.212,Ditto
149,Sitrus Berry,2.117,Ditto
150,Quick Claw,1.953,Ditto
151,Other,3.718,Ditto
152,Focus Sash,39.380,Urshifu Single Strike Style
153,Choice Band,38.146,Urshifu Single Strike Style
154,Black Glasses,16.687,Urshifu Single Strike Style
155,Life Orb,3.272,Urshifu Single Strike Style
156,Other,2.515,Urshifu Single Strike Style
157,Power Herb,99.807,Xerneas
158,Other,0.193,Xerneas
159,Life Orb,76.991,Dialga
160,Adamant Orb,10.411,Dialga
161,Weakness Policy,5.436,Dialga
162,Safety Goggles,2.326,Dialga
163,Other,4.836,Dialga
164,Safety Goggles,57.500,Shedinja
165,Focus Sash,42.056,Shedinja
166,Other,0.444,Shedinja
167,Weakness Policy,80.174,Solgaleo
168,Life Orb,10.486,Solgaleo
169,Assault Vest,9.034,Solgaleo
170,Other,0.305,Solgaleo
171,Eviolite,99.568,Dusclops
172,Other,0.432,Dusclops
173,Charcoal,44.962,Torkoal
174,Choice Specs,14.971,Torkoal
175,Focus Sash,14.667,Torkoal
176,Sitrus Berry,12.993,Torkoal
177,Shuca Berry,8.315,Torkoal
178,Other,4.093,Torkoal
179,Life Orb,91.604,Kingdra
180,Focus Sash,5.955,Kingdra
181,Other,2.442,Kingdra
182,Focus Sash,86.270,Raichu
183,Assault Vest,6.598,Raichu
184,Air Balloon,4.274,Raichu
185,Other,2.858,Raichu
186,Shuca Berry,65.383,Weezing
187,Focus Sash,26.442,Weezing
188,Black Sludge,5.177,Weezing
189,Other,2.998,Weezing
190,Choice Scarf,56.319,Entei
191,Assault Vest,19.525,Entei
192,Life Orb,15.764,Entei
193,Shuca Berry,3.369,Entei
194,Weakness Policy,1.092,Entei
195,Other,3.930,Entei
196,Power Herb,94.005,Lunala
197,Life Orb,1.193,Lunala
198,Other,4.802,Lunala
199,Life Orb,81.363,White Kyurem
200,Choice Scarf,6.298,White Kyurem
201,Lum Berry,3.629,White Kyurem
202,Babiri Berry,2.958,White Kyurem
203,Assault Vest,2.672,White Kyurem
204,Other,3.079,White Kyurem
205,Leftovers,43.479,Tapu Fini
206,Expert Belt,19.610,Tapu Fini
207,Sitrus Berry,12.230,Tapu Fini
208,Misty Seed,7.823,Tapu Fini
209,Choice Specs,6.438,Tapu Fini
210,Life Orb,5.221,Tapu Fini
211,Wiki Berry,1.856,Tapu Fini
212,Other,3.344,Tapu Fini
213,Focus Sash,41.563,Sableye
214,Safety Goggles,25.833,Sableye
215,Iron Ball,14.422,Sableye
216,Eject Button,4.951,Sableye
217,Roseli Berry,4.864,Sableye
218,Sitrus Berry,3.933,Sableye
219,Other,4.433,Sableye
220,Focus Sash,57.855,Urshifu Rapid Strike Style
221,Choice Band,28.072,Urshifu Rapid Strike Style
222,Choice Scarf,7.201,Urshifu Rapid Strike Style
223,Mystic Water,2.938,Urshifu Rapid Strike Style
224,Other,3.933,Urshifu Rapid Strike Style
225,Choice Scarf,66.969,Tapu Lele
226,Focus Sash,15.717,Tapu Lele
227,Twisted Spoon,9.604,Tapu Lele
228,Psychic Seed,3.860,Tapu Lele
229,Other,3.851,Tapu Lele
230,Mental Herb,70.366,Mimikyu
231,Safety Goggles,11.942,Mimikyu
232,Babiri Berry,7.566,Mimikyu
233,Starf Berry,3.577,Mimikyu
234,Lum Berry,1.148,Mimikyu
235,Light Clay,1.105,Mimikyu
236,Other,4.296,Mimikyu
237,Focus Sash,69.977,Gothitelle
238,Mental Herb,14.358,Gothitelle
239,Safety Goggles,7.837,Gothitelle
240,Sitrus Berry,3.810,Gothitelle
241,Other,4.018,Gothitelle
242,Life Orb,84.165,Seismitoad
243,Expert Belt,5.872,Seismitoad
244,Assault Vest,4.278,Seismitoad
245,Rindo Berry,2.588,Seismitoad
246,Other,3.097,Seismitoad
247,Weakness Policy,47.930,Ho-oh
248,Safety Goggles,13.807,Ho-oh
249,Assault Vest,7.135,Ho-oh
250,Charti Berry,6.348,Ho-oh
251,Leftovers,5.595,Ho-oh
252,Lum Berry,5.402,Ho-oh
253,Life Orb,4.943,Ho-oh
254,Mago Berry,2.189,Ho-oh
255,Sitrus Berry,1.721,Ho-oh
256,Other,4.931,Ho-oh
257,Safety Goggles,59.055,Heat Rotom
258,Sitrus Berry,28.421,Heat Rotom
259,Life Orb,6.161,Heat Rotom
260,Aguav Berry,2.790,Heat Rotom
261,Other,3.572,Heat Rotom
262,Black Sludge,32.695,Eternatus
263,Life Orb,21.417,Eternatus
264,Dragon Fang,15.350,Eternatus
265,Power Herb,14.662,Eternatus
266,Choice Specs,11.731,Eternatus
267,Other,4.145,Eternatus
268,Life Orb,86.114,Regigigas
269,Lum Berry,11.639,Regigigas
270,Other,2.247,Regigigas
271,Life Orb,41.424,Cinderace
272,White Herb,33.648,Cinderace
273,Focus Sash,15.050,Cinderace
274,Choice Band,3.468,Cinderace
275,Assault Vest,2.890,Cinderace
276,Other,3.519,Cinderace
277,Leftovers,73.326,Bronzong
278,Mental Herb,7.286,Bronzong
279,Sitrus Berry,7.268,Bronzong
280,Wide Lens,6.827,Bronzong
281,Safety Goggles,2.213,Bronzong
282,Other,3.080,Bronzong
283,Safety Goggles,31.203,Togekiss
284,Scope Lens,27.303,Togekiss
285,Focus Sash,19.493,Togekiss
286,Babiri Berry,13.131,Togekiss
287,Wacan Berry,2.890,Togekiss
288,Weakness Policy,2.077,Togekiss
289,Other,3.903,Togekiss
290,Weakness Policy,93.952,Coalossal
291,Room Service,3.744,Coalossal
292,Other,2.305,Coalossal
293,Focus Sash,43.349,Dragapult
294,Life Orb,28.191,Dragapult
295,Assault Vest,6.433,Dragapult
296,Aguav Berry,6.316,Dragapult
297,Light Clay,3.384,Dragapult
298,Safety Goggles,2.682,Dragapult
299,Lum Berry,2.512,Dragapult
300,Weakness Policy,1.883,Dragapult
301,Choice Scarf,1.795,Dragapult
302,Other,3.456,Dragapult
303,Leftovers,46.938,Umbreon
304,Safety Goggles,23.229,Umbreon
305,Room Service,16.426,Umbreon
306,Sitrus Berry,9.246,Umbreon
307,Other,4.161,Umbreon
308,Focus Sash,71.746,Indeedee Male
309,Choice Scarf,16.316,Indeedee Male
310,Psychic Seed,8.783,Indeedee Male
311,Other,3.155,Indeedee Male
312,Babiri Berry,61.098,Comfey
313,Focus Sash,19.302,Comfey
314,Mental Herb,16.553,Comfey
315,Other,3.047,Comfey
316,Light Clay,60.456,Lapras
317,Life Orb,19.710,Lapras
318,Weakness Policy,14.445,Lapras
319,Leftovers,1.992,Lapras
320,Other,3.396,Lapras
321,Life Orb,44.555,Rayquaza
322,Lum Berry,28.418,Rayquaza
323,Assault Vest,11.609,Rayquaza
324,Focus Sash,6.037,Rayquaza
325,Grassy Seed,4.417,Rayquaza
326,Other,4.963,Rayquaza
327,Safety Goggles,41.657,Spectrier
328,Focus Sash,41.142,Spectrier
329,Choice Scarf,8.599,Spectrier
330,Spell Tag,6.004,Spectrier
331,Other,2.598,Spectrier
332,Assault Vest,46.598,Reshiram
333,Life Orb,40.011,Reshiram
334,Safety Goggles,6.958,Reshiram
335,Charcoal,1.077,Reshiram
336,Sitrus Berry,1.011,Reshiram
337,Other,4.345,Reshiram
338,Leftovers,47.338,Zygarde Complete Forme
339,Weakness Policy,27.115,Zygarde Complete Forme
340,Misty Seed,18.909,Zygarde Complete Forme
341,Figy Berry,1.813,Zygarde Complete Forme
342,Other,4.825,Zygarde Complete Forme
343,Life Orb,46.877,Mamoswine
344,Babiri Berry,46.572,Mamoswine
345,Focus Sash,3.998,Mamoswine
346,Other,2.553,Mamoswine
347,Power Herb,95.899,Dawn Wings Necrozma
348,Other,4.101,Dawn Wings Necrozma
349,Life Orb,78.300,Barraskewda
350,White Herb,11.576,Barraskewda
351,Choice Scarf,5.501,Barraskewda
352,Other,4.623,Barraskewda
353,Assault Vest,28.431,Celesteela
354,Sitrus Berry,20.166,Celesteela
355,Leftovers,16.158,Celesteela
356,Power Herb,14.848,Celesteela
357,Weakness Policy,11.164,Celesteela
358,Expert Belt,7.068,Celesteela
359,Other,2.165,Celesteela
360,Weakness Policy,62.375,Metagross
361,Assault Vest,27.254,Metagross
362,Life Orb,6.162,Metagross
363,Other,4.210,Metagross
364,Safety Goggles,38.966,Araquanid
365,Iron Ball,20.633,Araquanid
366,Life Orb,18.728,Araquanid
367,Mystic Water,13.125,Araquanid
368,Sitrus Berry,3.834,Araquanid
369,Other,4.714,Araquanid
370,Focus Sash,80.996,Pheromosa
371,Choice Scarf,9.657,Pheromosa
372,Focus Band,4.329,Pheromosa
373,Mental Herb,1.594,Pheromosa
374,Other,3.424,Pheromosa
375,Focus Sash,46.913,Arcanine
376,Rocky Helmet,11.384,Arcanine
377,Sitrus Berry,10.225,Arcanine
378,Utility Umbrella,9.434,Arcanine
379,Shuca Berry,6.381,Arcanine
380,Assault Vest,4.555,Arcanine
381,Leftovers,4.103,Arcanine
382,Life Orb,1.404,Arcanine
383,Safety Goggles,1.225,Arcanine
384,Other,4.376,Arcanine
385,Rusted Shield,100.000,Zamazenta Crowned Shield
386,Eviolite,86.232,Clefairy
387,Focus Sash,13.145,Clefairy
388,Other,0.623,Clefairy
389,Focus Sash,84.096,Mienshao
390,Black Belt,15.034,Mienshao
391,Other,0.869,Mienshao
392,Weakness Policy,89.577,Lugia
393,Life Orb,5.941,Lugia
394,Other,4.482,Lugia
395,Eviolite,98.059,Chansey
396,Other,1.941,Chansey
397,Leftovers,63.746,Suicune
398,Wacan Berry,20.904,Suicune
399,Sitrus Berry,7.712,Suicune
400,Aguav Berry,3.784,Suicune
401,Other,3.854,Suicune
402,Expert Belt,61.022,Landorus Incarnate Forme
403,Life Orb,30.205,Landorus Incarnate Forme
404,Choice Scarf,5.178,Landorus Incarnate Forme
405,Other,3.594,Landorus Incarnate Forme
406,Weakness Policy,88.874,Dusk Mane Necrozma
407,Assault Vest,3.163,Dusk Mane Necrozma
408,Leftovers,2.009,Dusk Mane Necrozma
409,Life Orb,1.916,Dusk Mane Necrozma
410,Other,4.037,Dusk Mane Necrozma
411,Leftovers,68.167,Alcremie
412,Focus Sash,19.467,Alcremie
413,Sitrus Berry,6.415,Alcremie
414,Iron Ball,2.162,Alcremie
415,Other,3.788,Alcremie
416,Life Orb,48.985,Tapu Koko
417,Assault Vest,29.792,Tapu Koko
418,Focus Sash,7.008,Tapu Koko
419,Light Clay,6.982,Tapu Koko
420,Choice Specs,2.686,Tapu Koko
421,Other,4.547,Tapu Koko
422,Focus Sash,97.584,Liepard
423,Other,2.416,Liepard
424,Assault Vest,67.212,Hydreigon
425,Safety Goggles,16.907,Hydreigon
426,Life Orb,12.242,Hydreigon
427,Other,3.639,Hydreigon
428,Focus Sash,82.706,Weavile
429,Wide Lens,12.632,Weavile
430,Other,4.662,Weavile
431,Wide Lens,34.761,Tsareena
432,Coba Berry,22.330,Tsareena
433,Assault Vest,15.928,Tsareena
434,Sitrus Berry,13.989,Tsareena
435,Focus Sash,7.738,Tsareena
436,Life Orb,2.328,Tsareena
437,Other,2.926,Tsareena
438,Lum Berry,52.918,Glastrier
439,Babiri Berry,16.920,Glastrier
440,Assault Vest,14.209,Glastrier
441,Life Orb,7.075,Glastrier
442,Leftovers,5.359,Glastrier
443,Other,3.520,Glastrier
444,Iron Ball,28.129,Dracovish
445,Choice Band,25.899,Dracovish
446,Choice Scarf,17.511,Dracovish
447,Assault Vest,13.597,Dracovish
448,Safety Goggles,13.130,Dracovish
449,Other,1.734,Dracovish
450,Choice Specs,72.827,Regidrago
451,Dragon Fang,23.140,Regidrago
452,Other,4.034,Regidrago
453,Eject Button,76.446,Hitmontop
454,Focus Sash,13.308,Hitmontop
455,Leftovers,2.473,Hitmontop
456,Figy Berry,2.056,Hitmontop
457,Eject Pack,1.561,Hitmontop
458,Other,4.156,Hitmontop
459,Choice Scarf,98.092,Darmanitan Galarian Standard Mode
460,Other,1.908,Darmanitan Galarian Standard Mode
461,Weakness Policy,73.595,Zekrom
462,Life Orb,9.700,Zekrom
463,Assault Vest,4.806,Zekrom
464,White Herb,3.910,Zekrom
465,Focus Sash,2.815,Zekrom
466,Magnet,2.180,Zekrom
467,Other,2.993,Zekrom
468,Custap Berry,63.574,Shuckle
469,Safety Goggles,27.369,Shuckle
470,Quick Claw,3.505,Shuckle
471,Iapapa Berry,2.108,Shuckle
472,Other,3.444,Shuckle
473,Assault Vest,40.633,Galarian Zapdos
474,Choice Band,12.784,Galarian Zapdos
475,Choice Scarf,10.807,Galarian Zapdos
476,Weakness Policy,8.570,Galarian Zapdos
477,Life Orb,8.416,Galarian Zapdos
478,Focus Sash,5.935,Galarian Zapdos
479,Adrenaline Orb,3.932,Galarian Zapdos
480,Lum Berry,2.717,Galarian Zapdos
481,Safety Goggles,2.209,Galarian Zapdos
482,Other,3.997,Galarian Zapdos
483,Focus Sash,44.387,Volcarona
484,Rocky Helmet,28.865,Volcarona
485,Sitrus Berry,12.107,Volcarona
486,Coba Berry,4.186,Volcarona
487,Wiki Berry,3.383,Volcarona
488,Aguav Berry,2.216,Volcarona
489,Other,4.855,Volcarona
490,Eject Button,47.023,Meowstic Male
491,Light Clay,25.748,Meowstic Male
492,Full Incense,14.726,Meowstic Male
493,Mental Herb,4.976,Meowstic Male
494,Sitrus Berry,2.522,Meowstic Male
495,Mago Berry,2.152,Meowstic Male
496,Other,2.854,Meowstic Male
497,Focus Sash,86.597,Alolan Persian
498,Roseli Berry,6.239,Alolan Persian
499,Flame Orb,2.094,Alolan Persian
500,Assault Vest,1.807,Alolan Persian
501,Other,3.262,Alolan Persian
502,Custap Berry,36.600,Snorlax
503,Sitrus Berry,33.766,Snorlax
504,Figy Berry,6.820,Snorlax
505,Leftovers,6.009,Snorlax
506,Choice Band,5.168,Snorlax
507,Aguav Berry,3.350,Snorlax
508,Normal Gem,2.911,Snorlax
509,Iapapa Berry,2.223,Snorlax
510,Other,3.153,Snorlax
511,Life Orb,35.670,Stakataka
512,Focus Sash,17.998,Stakataka
513,Shuca Berry,15.160,Stakataka
514,Safety Goggles,9.627,Stakataka
515,Leftovers,4.590,Stakataka
516,Chople Berry,4.422,Stakataka
517,Air Balloon,3.398,Stakataka
518,Sitrus Berry,2.537,Stakataka
519,White Herb,2.034,Stakataka
520,Other,4.564,Stakataka
521,Life Orb,74.269,Thundurus Therian Forme
522,Assault Vest,16.743,Thundurus Therian Forme
523,Choice Scarf,3.563,Thundurus Therian Forme
524,Choice Specs,2.810,Thundurus Therian Forme
525,Other,2.615,Thundurus Therian Forme
526,Assault Vest,31.089,Galarian Moltres
527,Life Orb,15.398,Galarian Moltres
528,Weakness Policy,14.370,Galarian Moltres
529,Safety Goggles,11.119,Galarian Moltres
530,Black Glasses,9.867,Galarian Moltres
531,Sitrus Berry,5.316,Galarian Moltres
532,Utility Umbrella,4.998,Galarian Moltres
533,Choice Scarf,2.321,Galarian Moltres
534,Iapapa Berry,1.593,Galarian Moltres
535,Other,3.928,Galarian Moltres
536,Sharp Beak,23.359,Talonflame
537,Power Herb,21.127,Talonflame
538,Custap Berry,13.963,Talonflame
539,Focus Sash,10.300,Talonflame
540,Expert Belt,9.486,Talonflame
541,Eject Button,8.172,Talonflame
542,Safety Goggles,8.048,Talonflame
543,Sitrus Berry,1.369,Talonflame
544,Other,4.175,Talonflame
545,Leftovers,62.330,Milotic
546,Weakness Policy,6.232,Milotic
547,Safety Goggles,6.020,Milotic
548,Wacan Berry,4.921,Milotic
549,Assault Vest,4.412,Milotic
550,Sitrus Berry,3.763,Milotic
551,Wide Lens,3.206,Milotic
552,Life Orb,3.152,Milotic
553,Adrenaline Orb,2.439,Milotic
554,Other,3.525,Milotic
555,Assault Vest,31.391,Mewtwo
556,Weakness Policy,22.477,Mewtwo
557,Choice Scarf,16.311,Mewtwo
558,Life Orb,12.620,Mewtwo
559,Mental Herb,11.433,Mewtwo
560,Expert Belt,2.386,Mewtwo
561,Other,3.382,Mewtwo
562,Focus Sash,75.959,Klinklang
563,Weakness Policy,23.889,Klinklang
564,Other,0.151,Klinklang
565,Scope Lens,71.310,Inteleon
566,Life Orb,13.966,Inteleon
567,Mystic Water,4.181,Inteleon
568,Razor Claw,3.972,Inteleon
569,Focus Sash,2.790,Inteleon
570,Other,3.781,Inteleon
571,Life Orb,64.867,Salamence
572,Lum Berry,19.394,Salamence
573,Choice Scarf,8.552,Salamence
574,Leftovers,3.089,Salamence
575,Other,4.099,Salamence
576,Life Orb,77.349,Hatterene
577,Focus Sash,11.564,Hatterene
578,Babiri Berry,3.340,Hatterene
579,Psychic Seed,2.999,Hatterene
580,Other,4.748,Hatterene
581,Focus Sash,89.407,Sneasel
582,Eviolite,4.403,Sneasel
583,Wide Lens,3.038,Sneasel
584,Other,3.153,Sneasel
585,Expert Belt,38.695,Escavalier
586,Assault Vest,29.047,Escavalier
587,Lum Berry,17.300,Escavalier
588,Life Orb,7.155,Escavalier
589,Occa Berry,6.028,Escavalier
590,Other,1.775,Escavalier
591,Sitrus Berry,49.757,Wash Rotom
592,Safety Goggles,13.721,Wash Rotom
593,Leftovers,9.529,Wash Rotom
594,Life Orb,6.762,Wash Rotom
595,Choice Specs,6.290,Wash Rotom
596,Mental Herb,5.994,Wash Rotom
597,Choice Scarf,2.732,Wash Rotom
598,Assault Vest,1.488,Wash Rotom
599,Other,3.727,Wash Rotom
600,Sitrus Berry,75.745,Politoed
601,Wiki Berry,5.612,Politoed
602,Wacan Berry,5.044,Politoed
603,Iapapa Berry,4.024,Politoed
604,Aguav Berry,3.987,Politoed
605,Custap Berry,3.824,Politoed
606,Other,1.765,Politoed
607,Life Orb,54.956,Ludicolo
608,Assault Vest,19.927,Ludicolo
609,Absorb Bulb,6.428,Ludicolo
610,Expert Belt,5.201,Ludicolo
611,Never-Melt Ice,4.359,Ludicolo
612,Leftovers,2.827,Ludicolo
613,Choice Specs,2.319,Ludicolo
614,Other,3.983,Ludicolo
615,Wacan Berry,69.819,Slowking
616,Leftovers,13.671,Slowking
617,Safety Goggles,12.189,Slowking
618,Other,4.321,Slowking
619,Leftovers,85.746,Swampert
620,Life Orb,4.142,Swampert
621,White Herb,4.051,Swampert
622,Sitrus Berry,2.240,Swampert
623,Other,3.821,Swampert
624,Sitrus Berry,82.030,Azumarill
625,Assault Vest,8.581,Azumarill
626,White Herb,2.197,Azumarill
627,Starf Berry,2.013,Azumarill
628,Life Orb,1.681,Azumarill
629,Other,3.498,Azumarill
630,Choice Band,83.474,Scizor
631,Occa Berry,8.102,Scizor
632,Assault Vest,2.843,Scizor
633,Life Orb,2.738,Scizor
634,Other,2.843,Scizor
635,Leftovers,38.696,Galarian Articuno
636,Iron Ball,29.572,Galarian Articuno
637,Weakness Policy,9.456,Galarian Articuno
638,Sitrus Berry,4.784,Galarian Articuno
639,Focus Sash,2.974,Galarian Articuno
640,Assault Vest,2.971,Galarian Articuno
641,Adrenaline Orb,2.571,Galarian Articuno
642,Chesto Berry,2.563,Galarian Articuno
643,Life Orb,1.543,Galarian Articuno
644,Other,4.873,Galarian Articuno
645,Weakness Policy,53.223,Tyranitar
646,Assault Vest,12.471,Tyranitar
647,Focus Sash,11.692,Tyranitar
648,White Herb,8.204,Tyranitar
649,Chople Berry,4.069,Tyranitar
650,Salac Berry,3.373,Tyranitar
651,Life Orb,2.515,Tyranitar
652,Other,4.453,Tyranitar
653,Light Ball,99.945,Pikachu
654,Other,0.055,Pikachu
655,Focus Sash,40.959,Alolan Ninetales
656,Light Clay,31.186,Alolan Ninetales
657,Choice Scarf,14.938,Alolan Ninetales
658,Life Orb,9.312,Alolan Ninetales
659,Other,3.604,Alolan Ninetales
660,Thick Club,99.938,Alolan Marowak
661,Other,0.062,Alolan Marowak
662,Mystic Water,70.091,Slowbro
663,Leftovers,24.729,Slowbro
664,Rocky Helmet,2.348,Slowbro
665,Other,2.832,Slowbro
666,Griseous Orb,100.000,Giratina Origin Forme
667,Black Sludge,99.848,Toxapex
668,Other,0.152,Toxapex
669,Light Clay,44.364,Raikou
670,Air Balloon,29.454,Raikou
671,Choice Scarf,20.488,Raikou
672,Shuca Berry,4.861,Raikou
673,Other,0.833,Raikou
674,Focus Sash,72.006,Pelipper
675,Wacan Berry,16.779,Pelipper
676,Damp Rock,4.835,Pelipper
677,Sitrus Berry,2.957,Pelipper
678,Other,3.423,Pelipper
679,Babiri Berry,68.363,Galarian Weezing
680,Shuca Berry,24.469,Galarian Weezing
681,Black Sludge,2.593,Galarian Weezing
682,Other,4.576,Galarian Weezing
683,Wacan Berry,35.456,Kingler
684,Assault Vest,22.583,Kingler
685,Life Orb,20.541,Kingler
686,Mystic Water,19.185,Kingler
687,Other,2.235,Kingler
688,Sitrus Berry,49.535,Oranguru
689,Mental Herb,11.378,Oranguru
690,Psychic Seed,10.516,Oranguru
691,Choice Band,8.209,Oranguru
692,Colbur Berry,7.357,Oranguru
693,Choice Specs,3.530,Oranguru
694,Choice Scarf,2.685,Oranguru
695,Wide Lens,2.320,Oranguru
696,Other,4.470,Oranguru
697,Focus Sash,58.813,Nihilego
698,Power Herb,23.019,Nihilego
699,Adrenaline Orb,9.306,Nihilego
700,Life Orb,4.097,Nihilego
701,Other,4.764,Nihilego
702,Lansat Berry,55.960,Togedemaru
703,Choice Scarf,26.528,Togedemaru
704,Focus Sash,10.746,Togedemaru
705,Salac Berry,2.972,Togedemaru
706,Other,3.794,Togedemaru
707,Assault Vest,32.114,Gyarados
708,Life Orb,29.638,Gyarados
709,Sitrus Berry,21.928,Gyarados
710,Choice Scarf,4.798,Gyarados
711,Lum Berry,2.978,Gyarados
712,Focus Sash,2.344,Gyarados
713,Wacan Berry,2.130,Gyarados
714,Other,4.070,Gyarados
715,Life Orb,62.633,Garchomp
716,Choice Band,7.764,Garchomp
717,Yache Berry,7.168,Garchomp
718,White Herb,6.828,Garchomp
719,Lum Berry,5.815,Garchomp
720,Choice Scarf,3.231,Garchomp
721,Bright Powder,2.453,Garchomp
722,Other,4.107,Garchomp
723,Focus Sash,81.331,Heliolisk
724,Choice Scarf,6.675,Heliolisk
725,Choice Specs,5.394,Heliolisk
726,Life Orb,4.716,Heliolisk
727,Other,1.884,Heliolisk
728,Life Orb,52.823,Tapu Bulu
729,Coba Berry,29.590,Tapu Bulu
730,Babiri Berry,8.313,Tapu Bulu
731,Assault Vest,4.457,Tapu Bulu
732,Other,4.818,Tapu Bulu
733,Flame Orb,68.999,Kangaskhan
734,Assault Vest,22.102,Kangaskhan
735,Life Orb,3.111,Kangaskhan
736,Lum Berry,2.522,Kangaskhan
737,Other,3.265,Kangaskhan
738,Life Orb,52.025,Moltres
739,Leftovers,28.452,Moltres
740,Rocky Helmet,9.633,Moltres
741,Weakness Policy,9.250,Moltres
742,Other,0.640,Moltres
743,Adrenaline Orb,41.681,Krookodile
744,Choice Scarf,33.589,Krookodile
745,Weakness Policy,12.225,Krookodile
746,Assault Vest,6.131,Krookodile
747,Focus Sash,2.072,Krookodile
748,Other,4.301,Krookodile
749,Psychic Seed,94.111,Drifblim
750,Misty Seed,3.228,Drifblim
751,Other,2.662,Drifblim
752,Focus Sash,33.961,Excadrill
753,Assault Vest,27.201,Excadrill
754,Life Orb,18.854,Excadrill
755,Choice Band,10.430,Excadrill
756,Choice Scarf,5.667,Excadrill
757,Other,3.887,Excadrill
758,Wacan Berry,58.272,Primarina
759,Throat Spray,13.511,Primarina
760,Choice Specs,9.405,Primarina
761,Leftovers,8.437,Primarina
762,Assault Vest,3.570,Primarina
763,Rindo Berry,2.520,Primarina
764,Other,4.286,Primarina
765,Coba Berry,68.182,Shiftry
766,Life Orb,17.228,Shiftry
767,Expert Belt,9.676,Shiftry
768,Other,4.914,Shiftry
769,Safety Goggles,40.519,Chandelure
770,Focus Sash,31.743,Chandelure
771,Sitrus Berry,19.876,Chandelure
772,Choice Specs,1.859,Chandelure
773,Life Orb,1.219,Chandelure
774,Other,4.783,Chandelure
775,Assault Vest,88.172,Toxicroak
776,Life Orb,8.123,Toxicroak
777,Other,3.705,Toxicroak
778,Life Orb,80.082,Dracozolt
779,Choice Band,15.819,Dracozolt
780,Other,4.099,Dracozolt
781,Focus Sash,83.534,Sceptile
782,Choice Specs,4.905,Sceptile
783,Light Ball,4.257,Sceptile
784,Weakness Policy,3.121,Sceptile
785,Other,4.183,Sceptile
786,Life Orb,44.761,Pincurchin
787,Choice Specs,36.396,Pincurchin
788,Electric Seed,14.867,Pincurchin
789,Other,3.976,Pincurchin
790,Leftovers,30.836,Aegislash Shield Forme
791,Life Orb,28.889,Aegislash Shield Forme
792,Iron Ball,15.587,Aegislash Shield Forme
793,Lagging Tail,5.508,Aegislash Shield Forme
794,Aguav Berry,3.348,Aegislash Shield Forme
795,Air Balloon,2.834,Aegislash Shield Forme
796,Occa Berry,2.787,Aegislash Shield Forme
797,Weakness Policy,2.117,Aegislash Shield Forme
798,Metal Coat,2.082,Aegislash Shield Forme
799,Safety Goggles,0.877,Aegislash Shield Forme
800,Lum Berry,0.859,Aegislash Shield Forme
801,Other,4.276,Aegislash Shield Forme
802,Coba Berry,54.127,Centiskorch
803,Safety Goggles,21.084,Centiskorch
804,Leftovers,16.943,Centiskorch
805,Assault Vest,3.413,Centiskorch
806,Other,4.433,Centiskorch
807,Sitrus Berry,99.826,Greedent
808,Other,0.174,Greedent
809,Life Orb,52.519,Porygon-Z
810,Silk Scarf,33.092,Porygon-Z
811,Assault Vest,12.818,Porygon-Z
812,Other,1.571,Porygon-Z
813,Focus Sash,89.068,Butterfree
814,Choice Scarf,6.238,Butterfree
815,Other,4.694,Butterfree
816,Choice Scarf,73.236,Lucario
817,Life Orb,6.975,Lucario
818,Shuca Berry,6.681,Lucario
819,Sitrus Berry,5.445,Lucario
820,Expert Belt,2.285,Lucario
821,Assault Vest,2.044,Lucario
822,Other,3.333,Lucario
823,Assault Vest,43.262,Mudsdale
824,Iron Ball,38.922,Mudsdale
825,Weakness Policy,16.058,Mudsdale
826,Other,1.758,Mudsdale
827,Focus Sash,78.532,Cherrim
828,Miracle Seed,9.329,Cherrim
829,Coba Berry,4.365,Cherrim
830,Sitrus Berry,2.964,Cherrim
831,Other,4.810,Cherrim
832,Sitrus Berry,81.960,Exeggutor
833,Blunder Policy,12.363,Exeggutor
834,Psychic Seed,4.871,Exeggutor
835,Other,0.806,Exeggutor
836,Mago Berry,61.367,Altaria
837,Focus Sash,28.807,Altaria
838,Sitrus Berry,6.059,Altaria
839,Other,3.767,Altaria
840,Light Clay,71.158,Klefki
841,Safety Goggles,14.903,Klefki
842,Leftovers,6.833,Klefki
843,Iron Ball,3.586,Klefki
844,Other,3.520,Klefki
845,Focus Sash,53.211,Froslass
846,Adrenaline Orb,38.513,Froslass
847,Safety Goggles,6.508,Froslass
848,Other,1.769,Froslass
849,Weakness Policy,51.724,Gigalith
850,Babiri Berry,30.233,Gigalith
851,Assault Vest,15.512,Gigalith
852,Other,2.531,Gigalith
853,Focus Sash,46.971,Jellicent
854,Wacan Berry,16.086,Jellicent
855,Lum Berry,15.841,Jellicent
856,Leftovers,8.714,Jellicent
857,Sitrus Berry,5.423,Jellicent
858,Life Orb,2.656,Jellicent
859,Other,4.308,Jellicent
860,Focus Sash,89.668,Riolu
861,Mental Herb,8.316,Riolu
862,Other,2.016,Riolu
863,Weakness Policy,37.405,Mandibuzz
864,Wacan Berry,27.604,Mandibuzz
865,Psychic Seed,24.165,Mandibuzz
866,Leftovers,5.095,Mandibuzz
867,Grassy Seed,4.865,Mandibuzz
868,Other,0.866,Mandibuzz
869,Sitrus Berry,82.803,Lurantis
870,Assault Vest,7.919,Lurantis
871,Aguav Berry,3.377,Lurantis
872,Life Orb,2.879,Lurantis
873,Other,3.023,Lurantis
874,Focus Sash,37.826,Latias
875,Safety Goggles,22.223,Latias
876,Sitrus Berry,13.337,Latias
877,Roseli Berry,12.260,Latias
878,Choice Scarf,9.386,Latias
879,Other,4.968,Latias
880,Sitrus Berry,73.617,Alolan Exeggutor
881,Psychic Seed,9.849,Alolan Exeggutor
882,Yache Berry,7.878,Alolan Exeggutor
883,Coba Berry,5.680,Alolan Exeggutor
884,Other,2.976,Alolan Exeggutor
885,Choice Band,33.999,Dragonite
886,Weakness Policy,19.822,Dragonite
887,Expert Belt,13.940,Dragonite
888,Lum Berry,7.799,Dragonite
889,Rawst Berry,6.158,Dragonite
890,Safety Goggles,4.981,Dragonite
891,Assault Vest,3.080,Dragonite
892,Dragon Fang,2.660,Dragonite
893,Choice Specs,2.192,Dragonite
894,Life Orb,1.717,Dragonite
895,Other,3.650,Dragonite
896,Choice Scarf,87.895,Darmanitan Standard Mode
897,Life Orb,9.677,Darmanitan Standard Mode
898,Other,2.428,Darmanitan Standard Mode
899,Leftovers,47.894,Cradily
900,Power Herb,42.168,Cradily
901,Iapapa Berry,2.705,Cradily
902,Babiri Berry,2.187,Cradily
903,Rocky Helmet,1.836,Cradily
904,Other,3.211,Cradily
905,Focus Sash,64.875,Obstagoon
906,Adrenaline Orb,15.766,Obstagoon
907,Assault Vest,9.142,Obstagoon
908,Flame Orb,7.433,Obstagoon
909,Other,2.784,Obstagoon
910,Eject Pack,38.036,Scrafty
911,Assault Vest,21.587,Scrafty
912,Safety Goggles,19.836,Scrafty
913,Roseli Berry,11.113,Scrafty
914,Leftovers,4.471,Scrafty
915,Other,4.958,Scrafty
916,Focus Sash,81.442,Aerodactyl
917,Life Orb,8.680,Aerodactyl
918,Choice Scarf,4.430,Aerodactyl
919,Heavy-Duty Boots,1.801,Aerodactyl
920,Other,3.647,Aerodactyl
921,Weakness Policy,87.997,Kabutops
922,Life Orb,11.767,Kabutops
923,Other,0.236,Kabutops
924,Life Orb,52.814,Articuno
925,Babiri Berry,31.760,Articuno
926,Weakness Policy,10.774,Articuno
927,Other,4.652,Articuno
928,Choice Scarf,75.549,Blacephalon
929,Life Orb,16.947,Blacephalon
930,Choice Specs,3.717,Blacephalon
931,Other,3.786,Blacephalon
932,Assault Vest,26.922,Duraludon
933,Shuca Berry,21.323,Duraludon
934,Choice Specs,17.540,Duraludon
935,Life Orb,15.096,Duraludon
936,Air Balloon,6.727,Duraludon
937,Sitrus Berry,3.208,Duraludon
938,Weakness Policy,2.975,Duraludon
939,Leftovers,2.579,Duraludon
940,Other,3.630,Duraludon
941,Iron Ball,92.722,Trevenant
942,Psychic Seed,3.179,Trevenant
943,Other,4.100,Trevenant
944,Choice Band,85.405,Drednaw
945,Life Orb,8.145,Drednaw
946,Weakness Policy,2.015,Drednaw
947,Other,4.436,Drednaw
948,Air Balloon,57.449,Heatran
949,Leftovers,13.694,Heatran
950,Shuca Berry,8.076,Heatran
951,Choice Scarf,7.008,Heatran
952,Chople Berry,6.592,Heatran
953,Life Orb,2.888,Heatran
954,Other,4.293,Heatran
955,Babiri Berry,82.981,Clefable
956,Leftovers,11.290,Clefable
957,Focus Sash,3.026,Clefable
958,Other,2.703,Clefable
959,Sitrus Berry,41.473,Appletun
960,Leftovers,28.644,Appletun
961,Choice Specs,19.493,Appletun
962,Yache Berry,7.003,Appletun
963,Other,3.386,Appletun
964,Focus Sash,43.100,Bisharp
965,Life Orb,24.060,Bisharp
966,Black Glasses,22.243,Bisharp
967,Assault Vest,4.365,Bisharp
968,Adrenaline Orb,2.757,Bisharp
969,Other,3.476,Bisharp
970,Leftovers,96.182,Registeel
971,Other,3.818,Registeel
972,Weakness Policy,33.591,Rhyperior
973,Custap Berry,24.724,Rhyperior
974,Zoom Lens,14.640,Rhyperior
975,White Herb,10.016,Rhyperior
976,Rindo Berry,6.738,Rhyperior
977,Life Orb,5.083,Rhyperior
978,Aguav Berry,2.303,Rhyperior
979,Other,2.905,Rhyperior
980,Leftovers,56.743,Stonjourner
981,Wide Lens,17.236,Stonjourner
982,Focus Sash,9.433,Stonjourner
983,Rindo Berry,7.254,Stonjourner
984,Air Balloon,3.797,Stonjourner
985,Rocky Helmet,2.717,Stonjourner
986,Other,2.819,Stonjourner
987,Assault Vest,91.626,Electivire
988,Choice Band,4.130,Electivire
989,Other,4.243,Electivire
990,Life Orb,45.181,Leafeon
991,Choice Band,25.362,Leafeon
992,Assault Vest,25.215,Leafeon
993,Other,4.242,Leafeon
994,Assault Vest,53.551,Abomasnow
995,Light Clay,25.977,Abomasnow
996,Focus Sash,19.537,Abomasnow
997,Other,0.936,Abomasnow
998,Assault Vest,49.621,Diggersby
999,Life Orb,43.344,Diggersby
1000,White Herb,6.428,Diggersby
1001,Other,0.606,Diggersby
1002,Weakness Policy,61.733,Giratina Altered Forme
1003,Leftovers,21.063,Giratina Altered Forme
1004,Assault Vest,12.923,Giratina Altered Forme
1005,Other,4.281,Giratina Altered Forme
1006,White Herb,84.634,Swoobat
1007,Weakness Policy,9.679,Swoobat
1008,Focus Sash,2.880,Swoobat
1009,Other,2.807,Swoobat
1010,Leftovers,67.236,Corviknight
1011,Rocky Helmet,11.889,Corviknight
1012,Occa Berry,10.750,Corviknight
1013,Lum Berry,4.233,Corviknight
1014,Weakness Policy,2.141,Corviknight
1015,Other,3.750,Corviknight
1016,Choice Specs,43.467,Vikavolt
1017,Life Orb,35.071,Vikavolt
1018,Assault Vest,16.896,Vikavolt
1019,Other,4.567,Vikavolt
1020,Life Orb,53.866,Durant
1021,Expert Belt,43.898,Durant
1022,Other,2.235,Durant
1023,Leftovers,38.119,Cresselia
1024,Mental Herb,18.978,Cresselia
1025,Kee Berry,17.991,Cresselia
1026,Utility Umbrella,8.739,Cresselia
1027,Bright Powder,6.188,Cresselia
1028,Light Clay,3.549,Cresselia
1029,Wiki Berry,2.360,Cresselia
1030,Other,4.076,Cresselia
1031,Focus Sash,98.728,Mr. Rime
1032,Other,1.272,Mr. Rime
1033,Life Orb,93.090,Wishiwashi Solo Form
1034,White Herb,2.945,Wishiwashi Solo Form
1035,Other,3.965,Wishiwashi Solo Form
1036,Flame Orb,74.910,Conkeldurr
1037,Assault Vest,13.355,Conkeldurr
1038,Life Orb,9.282,Conkeldurr
1039,Other,2.452,Conkeldurr
1040,Focus Sash,95.921,Boltund
1041,Other,4.079,Boltund
1042,Lum Berry,33.766,Terrakion
1043,Coba Berry,24.849,Terrakion
1044,Life Orb,16.407,Terrakion
1045,Safety Goggles,8.139,Terrakion
1046,Shuca Berry,6.009,Terrakion
1047,Focus Sash,5.671,Terrakion
1048,Weakness Policy,1.225,Terrakion
1049,Other,3.934,Terrakion
1050,Assault Vest,81.598,Cobalion
1051,Life Orb,15.128,Cobalion
1052,Other,3.273,Cobalion
1053,Babiri Berry,25.146,Black Kyurem
1054,Weakness Policy,23.620,Black Kyurem
1055,Power Herb,22.706,Black Kyurem
1056,Life Orb,7.170,Black Kyurem
1057,Lum Berry,6.867,Black Kyurem
1058,Leftovers,4.157,Black Kyurem
1059,Assault Vest,3.888,Black Kyurem
1060,Safety Goggles,3.537,Black Kyurem
1061,Other,2.909,Black Kyurem
1062,Focus Sash,82.951,Mantine
1063,Wacan Berry,11.011,Mantine
1064,Sitrus Berry,5.075,Mantine
1065,Other,0.963,Mantine
1066,Lum Berry,79.752,Machamp
1067,Focus Sash,8.929,Machamp
1068,Life Orb,3.239,Machamp
1069,Assault Vest,2.466,Machamp
1070,,2.101,Machamp
1071,Other,3.512,Machamp
1072,Assault Vest,68.715,Goodra
1073,Blunder Policy,10.415,Goodra
1074,Leftovers,6.710,Goodra
1075,Expert Belt,5.620,Goodra
1076,Choice Specs,5.385,Goodra
1077,Other,3.155,Goodra
1078,Choice Band,56.419,Silvally
1079,Life Orb,38.499,Silvally
1080,Normal Gem,5.080,Silvally
1081,Other,0.001,Silvally
1082,Focus Sash,80.752,Accelgor
1083,Leftovers,6.055,Accelgor
1084,Eject Button,3.577,Accelgor
1085,Coba Berry,2.503,Accelgor
1086,Bright Powder,2.404,Accelgor
1087,Other,4.708,Accelgor
1088,Assault Vest,48.927,Xurkitree
1089,Magnet,21.417,Xurkitree
1090,Air Balloon,18.400,Xurkitree
1091,Choice Scarf,9.753,Xurkitree
1092,Other,1.504,Xurkitree
1093,Life Orb,86.384,Tauros
1094,Safety Goggles,5.508,Tauros
1095,Assault Vest,3.810,Tauros
1096,Other,4.298,Tauros
1097,Weakness Policy,99.797,Garbodor
1098,Other,0.203,Garbodor
1099,Flame Orb,86.430,Luxray
1100,Iapapa Berry,10.721,Luxray
1101,Other,2.849,Luxray
1102,Focus Sash,99.123,Dugtrio
1103,Other,0.877,Dugtrio
1104,Occa Berry,40.403,Mow Rotom
1105,Focus Sash,22.467,Mow Rotom
1106,Sitrus Berry,18.870,Mow Rotom
1107,Life Orb,9.646,Mow Rotom
1108,Leftovers,3.935,Mow Rotom
1109,Other,4.679,Mow Rotom
1110,Focus Sash,44.902,Gengar
1111,Choice Scarf,16.502,Gengar
1112,Life Orb,10.474,Gengar
1113,Air Balloon,7.975,Gengar
1114,Leftovers,7.303,Gengar
1115,Black Sludge,3.434,Gengar
1116,Poison Barb,2.603,Gengar
1117,Lum Berry,2.383,Gengar
1118,Other,4.425,Gengar
1119,Focus Sash,50.875,Glaceon
1120,Life Orb,36.281,Glaceon
1121,Never-Melt Ice,11.259,Glaceon
1122,Other,1.585,Glaceon
1123,Air Balloon,88.335,Manectric
1124,Choice Specs,4.640,Manectric
1125,Damp Rock,4.260,Manectric
1126,Other,2.765,Manectric
1127,Weakness Policy,83.017,Palossand
1128,Leftovers,13.929,Palossand
1129,Other,3.054,Palossand
1130,Focus Sash,60.468,Espeon
1131,Choice Scarf,22.267,Espeon
1132,Life Orb,11.600,Espeon
1133,Mental Herb,3.964,Espeon
1134,Other,1.702,Espeon
1135,Focus Sash,68.577,Crobat
1136,Mental Herb,26.423,Crobat
1137,Wide Lens,2.661,Crobat
1138,Other,2.340,Crobat
1139,Life Orb,87.843,Tyrantrum
1140,Assault Vest,11.294,Tyrantrum
1141,Other,0.863,Tyrantrum
1142,Choice Scarf,64.809,Cinccino
1143,Focus Sash,14.727,Cinccino
1144,Expert Belt,10.712,Cinccino
1145,Other,2.141,Cinccino
1146,Sitrus Berry,45.309,Kommo-o
1147,Throat Spray,40.391,Kommo-o
1148,Assault Vest,10.972,Kommo-o
1149,Other,3.328,Kommo-o
1150,Choice Scarf,58.463,Blissey
1151,Leftovers,39.970,Blissey
1152,Other,1.567,Blissey
1153,Focus Sash,68.264,Cloyster
1154,White Herb,26.789,Cloyster
1155,Other,4.947,Cloyster
1156,Focus Sash,29.963,Blaziken
1157,Wide Lens,19.220,Blaziken
1158,Air Balloon,17.931,Blaziken
1159,Life Orb,14.447,Blaziken
1160,Expert Belt,12.116,Blaziken
1161,Heavy-Duty Boots,3.682,Blaziken
1162,Other,2.641,Blaziken
1163,Assault Vest,84.051,Drampa
1164,Life Orb,12.481,Drampa
1165,Other,3.469,Drampa
1166,Focus Sash,45.365,Hawlucha
1167,Psychic Seed,41.198,Hawlucha
1168,Expert Belt,8.049,Hawlucha
1169,Grassy Seed,3.201,Hawlucha
1170,Other,2.186,Hawlucha
1171,Focus Sash,50.418,Mime Galarian Mr. Mime
1172,Eviolite,49.582,Mime Galarian Mr. Mime
1173,Other,0.000,Mime Galarian Mr. Mime
1174,Aguav Berry,35.781,Grapploct
1175,Sitrus Berry,22.242,Grapploct
1176,Leftovers,19.364,Grapploct
1177,Focus Sash,10.171,Grapploct
1178,Figy Berry,4.341,Grapploct
1179,Assault Vest,3.435,Grapploct
1180,Other,4.666,Grapploct
1181,Focus Sash,58.529,Zoroark
1182,Life Orb,9.622,Zoroark
1183,Choice Scarf,9.235,Zoroark
1184,Black Glasses,5.967,Zoroark
1185,Choice Specs,5.742,Zoroark
1186,Expert Belt,2.773,Zoroark
1187,Choice Band,2.465,Zoroark
1188,Throat Spray,2.094,Zoroark
1189,Other,3.574,Zoroark
1190,Wide Lens,46.914,Lilligant
1191,Focus Sash,26.615,Lilligant
1192,Figy Berry,16.976,Lilligant
1193,Mental Herb,3.271,Lilligant
1194,Miracle Seed,2.343,Lilligant
1195,Other,3.880,Lilligant
1196,Life Orb,38.251,Clawitzer
1197,Choice Specs,18.107,Clawitzer
1198,Assault Vest,13.470,Clawitzer
1199,Aguav Berry,10.097,Clawitzer
1200,Expert Belt,7.073,Clawitzer
1201,Focus Sash,3.846,Clawitzer
1202,Sitrus Berry,3.234,Clawitzer
1203,Rindo Berry,2.714,Clawitzer
1204,Other,3.207,Clawitzer
1205,Assault Vest,94.662,Qwilfish
1206,Focus Sash,3.498,Qwilfish
1207,Other,1.840,Qwilfish
1208,Choice Scarf,84.720,Haxorus
1209,Life Orb,7.720,Haxorus
1210,Choice Band,2.800,Haxorus
1211,Other,4.760,Haxorus
1212,Weakness Policy,27.678,Dhelmise
1213,Assault Vest,22.910,Dhelmise
1214,Iron Ball,20.090,Dhelmise
1215,Life Orb,16.769,Dhelmise
1216,Room Service,4.092,Dhelmise
1217,Figy Berry,3.269,Dhelmise
1218,Aguav Berry,1.816,Dhelmise
1219,Other,3.375,Dhelmise
1220,Room Service,24.939,Runerigus
1221,Weakness Policy,20.736,Runerigus
1222,Leftovers,16.247,Runerigus
1223,Kasib Berry,14.341,Runerigus
1224,Mental Herb,8.190,Runerigus
1225,Focus Sash,2.679,Runerigus
1226,Red Card,1.651,Runerigus
1227,Psychic Seed,1.644,Runerigus
1228,Colbur Berry,1.493,Runerigus
1229,Rocky Helmet,1.438,Runerigus
1230,Iapapa Berry,1.402,Runerigus
1231,Aguav Berry,1.370,Runerigus
1232,Other,3.869,Runerigus
1233,Lum Berry,49.678,Braviary
1234,Safety Goggles,18.173,Braviary
1235,Life Orb,14.766,Braviary
1236,Focus Sash,7.310,Braviary
1237,Assault Vest,3.728,Braviary
1238,Adrenaline Orb,1.414,Braviary
1239,Other,4.930,Braviary
1240,Life Orb,28.509,Virizion
1241,Assault Vest,19.252,Virizion
1242,Weakness Policy,18.271,Virizion
1243,Coba Berry,12.306,Virizion
1244,Lum Berry,6.238,Virizion
1245,Kee Berry,3.770,Virizion
1246,Mago Berry,3.232,Virizion
1247,Leftovers,2.859,Virizion
1248,Grassy Seed,1.501,Virizion
1249,Other,4.063,Virizion
1250,Eviolite,98.257,Togetic
1251,Other,1.743,Togetic
1252,Choice Specs,27.238,Alolan Raichu
1253,Focus Sash,22.574,Alolan Raichu
1254,Magnet,22.470,Alolan Raichu
1255,Life Orb,17.894,Alolan Raichu
1256,Expert Belt,3.513,Alolan Raichu
1257,Colbur Berry,2.319,Alolan Raichu
1258,Other,3.993,Alolan Raichu
1259,Life Orb,33.198,Beartic
1260,Choice Band,28.503,Beartic
1261,Assault Vest,24.972,Beartic
1262,Expert Belt,4.724,Beartic
1263,Never-Melt Ice,4.253,Beartic
1264,Other,4.350,Beartic
1265,Assault Vest,30.805,Copperajah
1266,Weakness Policy,29.296,Copperajah
1267,Life Orb,19.829,Copperajah
1268,Expert Belt,6.682,Copperajah
1269,Aguav Berry,5.539,Copperajah
1270,Cell Battery,2.872,Copperajah
1271,Other,4.978,Copperajah
1272,Life Orb,77.662,Flapple
1273,Choice Band,5.750,Flapple
1274,Wide Lens,5.685,Flapple
1275,Liechi Berry,3.293,Flapple
1276,Haban Berry,2.576,Flapple
1277,Muscle Band,0.990,Flapple
1278,Other,4.044,Flapple
1279,Pixie Plate,36.687,Sylveon
1280,Choice Specs,27.632,Sylveon
1281,Throat Spray,23.819,Sylveon
1282,Assault Vest,2.986,Sylveon
1283,Babiri Berry,2.569,Sylveon
1284,Life Orb,1.710,Sylveon
1285,Other,4.597,Sylveon
1286,Psychic Seed,84.908,Slurpuff
1287,Sitrus Berry,8.088,Slurpuff
1288,Grassy Seed,3.463,Slurpuff
1289,Other,3.541,Slurpuff
1290,Sitrus Berry,80.486,Eiscue Ice Face
1291,Salac Berry,6.532,Eiscue Ice Face
1292,Weakness Policy,5.846,Eiscue Ice Face
1293,Iapapa Berry,3.591,Eiscue Ice Face
1294,Other,3.544,Eiscue Ice Face
1295,Sitrus Berry,22.550,Hippowdon
1296,Rindo Berry,22.019,Hippowdon
1297,Iapapa Berry,17.819,Hippowdon
1298,Leftovers,9.570,Hippowdon
1299,Aguav Berry,8.821,Hippowdon
1300,Weakness Policy,6.626,Hippowdon
1301,Lum Berry,6.100,Hippowdon
1302,Assault Vest,1.639,Hippowdon
1303,Other,4.856,Hippowdon
1304,Life Orb,44.445,Alakazam
1305,Focus Sash,36.549,Alakazam
1306,Choice Specs,9.725,Alakazam
1307,Wise Glasses,1.950,Alakazam
1308,Twisted Spoon,1.684,Alakazam
1309,Eviolite,1.412,Alakazam
1310,Other,4.236,Alakazam
1311,Eviolite,98.396,Torracat
1312,Other,1.604,Torracat
1313,Psychic Seed,76.335,Thievul
1314,Grassy Seed,16.132,Thievul
1315,Weakness Policy,4.363,Thievul
1316,Other,3.170,Thievul
1317,Weakness Policy,24.960,Arctozolt
1318,Magnet,21.542,Arctozolt
1319,Assault Vest,20.999,Arctozolt
1320,Choice Scarf,13.041,Arctozolt
1321,Choice Band,10.288,Arctozolt
1322,Life Orb,5.161,Arctozolt
1323,Other,4.009,Arctozolt
1324,Colbur Berry,55.098,Cofagrigus
1325,Mental Herb,19.563,Cofagrigus
1326,Sitrus Berry,10.380,Cofagrigus
1327,Leftovers,9.264,Cofagrigus
1328,Rocky Helmet,2.061,Cofagrigus
1329,Other,3.634,Cofagrigus
1330,Power Herb,41.063,Starmie
1331,Choice Specs,37.533,Starmie
1332,Focus Sash,7.850,Starmie
1333,Choice Scarf,4.185,Starmie
1334,Weakness Policy,3.317,Starmie
1335,Mystic Water,2.794,Starmie
1336,Other,3.258,Starmie
1337,Assault Vest,74.544,Turtonator
1338,Grassy Seed,8.421,Turtonator
1339,White Herb,5.337,Turtonator
1340,Leftovers,4.795,Turtonator
1341,Weakness Policy,3.016,Turtonator
1342,Other,3.887,Turtonator
1343,Life Orb,60.663,Sharpedo
1344,Chople Berry,14.327,Sharpedo
1345,Focus Sash,11.169,Sharpedo
1346,Weakness Policy,7.738,Sharpedo
1347,Choice Scarf,2.660,Sharpedo
1348,Other,3.443,Sharpedo
1349,Focus Sash,57.047,Salazzle
1350,Air Balloon,12.741,Salazzle
1351,Safety Goggles,10.258,Salazzle
1352,Liechi Berry,9.033,Salazzle
1353,,5.419,Salazzle
1354,Other,3.930,Salazzle
1355,Eject Pack,24.700,Ninetales
1356,Choice Specs,18.971,Ninetales
1357,Heat Rock,18.450,Ninetales
1358,Focus Sash,10.784,Ninetales
1359,Wide Lens,6.675,Ninetales
1360,Charcoal,5.091,Ninetales
1361,Choice Scarf,5.061,Ninetales
1362,Life Orb,3.869,Ninetales
1363,Wiki Berry,1.762,Ninetales
1364,Other,4.637,Ninetales
1365,Leek,50.953,Sirfetch'd
1366,Focus Sash,45.164,Sirfetch'd
1367,Other,3.884,Sirfetch'd
1368,Safety Goggles,37.307,Emolga
1369,Choice Scarf,32.253,Emolga
1370,Aguav Berry,14.192,Emolga
1371,Focus Sash,9.928,Emolga
1372,Rocky Helmet,2.717,Emolga
1373,Other,3.603,Emolga
1374,Focus Sash,89.934,Ribombee
1375,Mental Herb,4.448,Ribombee
1376,Rocky Helmet,1.604,Ribombee
1377,Other,4.015,Ribombee
1378,Power Lens,76.569,Charjabug
1379,Eviolite,16.998,Charjabug
1380,Rocky Helmet,3.207,Charjabug
1381,Other,3.226,Charjabug
1382,Choice Specs,44.997,Toxtricity Low Key Form
1383,Magnet,25.254,Toxtricity Low Key Form
1384,Life Orb,11.285,Toxtricity Low Key Form
1385,Focus Sash,7.384,Toxtricity Low Key Form
1386,Throat Spray,3.151,Toxtricity Low Key Form
1387,Choice Scarf,2.784,Toxtricity Low Key Form
1388,Air Balloon,1.719,Toxtricity Low Key Form
1389,Other,3.426,Toxtricity Low Key Form
1390,Iapapa Berry,46.417,Vaporeon
1391,Leftovers,27.610,Vaporeon
1392,Sitrus Berry,12.031,Vaporeon
1393,Life Orb,3.541,Vaporeon
1394,Rindo Berry,2.387,Vaporeon
1395,Weakness Policy,2.266,Vaporeon
1396,Aguav Berry,2.155,Vaporeon
1397,Other,3.594,Vaporeon
1398,Iron Ball,34.087,Mr. Mime
1399,Babiri Berry,32.431,Mr. Mime
1400,Power Anklet,25.023,Mr. Mime
1401,Eviolite,2.501,Mr. Mime
1402,Weakness Policy,1.872,Mr. Mime
1403,Other,4.085,Mr. Mime
1404,Weakness Policy,39.405,Magnezone
1405,Expert Belt,11.225,Magnezone
1406,Grassy Seed,9.428,Magnezone
1407,Choice Specs,7.584,Magnezone
1408,Iapapa Berry,6.514,Magnezone
1409,Magnet,5.609,Magnezone
1410,Assault Vest,5.167,Magnezone
1411,Leftovers,5.146,Magnezone
1412,Life Orb,2.665,Magnezone
1413,Air Balloon,2.571,Magnezone
1414,Other,4.686,Magnezone
1415,Assault Vest,38.301,Gallade
1416,Life Orb,14.512,Gallade
1417,Focus Sash,7.441,Gallade
1418,Choice Band,6.446,Gallade
1419,Psychic Seed,5.359,Gallade
1420,Room Service,4.492,Gallade
1421,Sitrus Berry,3.864,Gallade
1422,Black Belt,3.012,Gallade
1423,Expert Belt,2.997,Gallade
1424,Safety Goggles,2.705,Gallade
1425,Muscle Band,2.198,Gallade
1426,Iapapa Berry,1.877,Gallade
1427,Aguav Berry,1.373,Gallade
1428,Blunder Policy,1.219,Gallade
1429,Other,4.204,Gallade
1430,Assault Vest,48.075,Lopunny
1431,Toxic Orb,24.857,Lopunny
1432,Leftovers,6.876,Lopunny
1433,Focus Sash,4.586,Lopunny
1434,Choice Specs,3.911,Lopunny
1435,Lum Berry,3.909,Lopunny
1436,Flame Orb,2.310,Lopunny
1437,Weakness Policy,0.959,Lopunny
1438,Other,4.516,Lopunny
1439,Focus Sash,90.730,Gourgeist Small Size
1440,Sitrus Berry,5.267,Gourgeist Small Size
1441,Other,4.003,Gourgeist Small Size
1442,Sitrus Berry,57.552,Malamar
1443,Leftovers,12.320,Malamar
1444,Roseli Berry,8.546,Malamar
1445,Rocky Helmet,6.800,Malamar
1446,Assault Vest,6.003,Malamar
1447,Metronome,1.373,Malamar
1448,Life Orb,1.122,Malamar
1449,Black Glasses,1.111,Malamar
1450,Focus Sash,1.102,Malamar
1451,Other,4.072,Malamar
1452,Assault Vest,35.357,Golisopod
1453,Weakness Policy,15.797,Golisopod
1454,Room Service,12.637,Golisopod
1455,Life Orb,9.839,Golisopod
1456,Sitrus Berry,8.482,Golisopod
1457,Aguav Berry,5.693,Golisopod
1458,Heavy-Duty Boots,3.575,Golisopod
1459,Safety Goggles,2.789,Golisopod
1460,Expert Belt,1.840,Golisopod
1461,Other,3.992,Golisopod
1462,Choice Scarf,41.004,Golduck
1463,Rindo Berry,25.965,Golduck
1464,Focus Sash,13.610,Golduck
1465,Life Orb,7.049,Golduck
1466,Aguav Berry,2.173,Golduck
1467,Expert Belt,1.954,Golduck
1468,Rocky Helmet,1.480,Golduck
1469,Sitrus Berry,1.344,Golduck
1470,Choice Specs,1.273,Golduck
1471,Other,4.148,Golduck
1472,Focus Sash,37.706,Shiinotic
1473,Room Service,35.425,Shiinotic
1474,Leftovers,11.130,Shiinotic
1475,Bright Powder,7.719,Shiinotic
1476,Assault Vest,3.951,Shiinotic
1477,Other,4.069,Shiinotic
1478,Focus Sash,60.968,Lycanroc Dusk Form
1479,Life Orb,22.884,Lycanroc Dusk Form
1480,Expert Belt,8.117,Lycanroc Dusk Form
1481,Choice Band,5.891,Lycanroc Dusk Form
1482,Other,2.139,Lycanroc Dusk Form
1483,Razor Claw,70.445,Unfezant
1484,Scope Lens,24.219,Unfezant
1485,Focus Sash,3.775,Unfezant
1486,Other,1.561,Unfezant
1487,Assault Vest,38.124,Perrserker
1488,Choice Band,18.044,Perrserker
1489,Life Orb,17.083,Perrserker
1490,Focus Sash,12.699,Perrserker
1491,Weakness Policy,5.977,Perrserker
1492,Occa Berry,5.246,Perrserker
1493,Other,2.826,Perrserker
1494,Psychic Seed,49.835,Galarian Slowbro
1495,Safety Goggles,12.307,Galarian Slowbro
1496,Quick Claw,12.002,Galarian Slowbro
1497,Colbur Berry,4.861,Galarian Slowbro
1498,Life Orb,3.491,Galarian Slowbro
1499,Weakness Policy,3.195,Galarian Slowbro
1500,Sitrus Berry,2.653,Galarian Slowbro
1501,Assault Vest,2.182,Galarian Slowbro
1502,Twisted Spoon,2.149,Galarian Slowbro
1503,Aguav Berry,1.480,Galarian Slowbro
1504,Expert Belt,0.783,Galarian Slowbro
1505,Choice Specs,0.763,Galarian Slowbro
1506,Other,4.298,Galarian Slowbro
1507,Assault Vest,75.369,Bouffalant
1508,Life Orb,12.927,Bouffalant
1509,Muscle Band,2.850,Bouffalant
1510,Aguav Berry,2.484,Bouffalant
1511,Expert Belt,1.997,Bouffalant
1512,Other,4.372,Bouffalant
1513,Expert Belt,57.415,Frost Rotom
1514,Wiki Berry,17.454,Frost Rotom
1515,Grassy Seed,13.075,Frost Rotom
1516,Choice Scarf,10.807,Frost Rotom
1517,Other,1.249,Frost Rotom
1518,Focus Sash,73.190,Roserade
1519,Wide Lens,13.062,Roserade
1520,Choice Specs,6.574,Roserade
1521,Life Orb,3.059,Roserade
1522,Other,4.114,Roserade
1523,Coba Berry,35.868,Tangrowth
1524,Rocky Helmet,20.124,Tangrowth
1525,Psychic Seed,15.233,Tangrowth
1526,Leftovers,13.493,Tangrowth
1527,Eject Button,6.901,Tangrowth
1528,Assault Vest,4.292,Tangrowth
1529,Other,4.088,Tangrowth
1530,Weakness Policy,31.602,Sandaconda
1531,Passho Berry,27.201,Sandaconda
1532,Leftovers,16.823,Sandaconda
1533,Assault Vest,9.471,Sandaconda
1534,Binding Band,6.548,Sandaconda
1535,Sitrus Berry,1.582,Sandaconda
1536,Smooth Rock,1.547,Sandaconda
1537,Rocky Helmet,1.247,Sandaconda
1538,Other,3.977,Sandaconda
1539,Weakness Policy,48.358,Polteageist
1540,Rocky Helmet,24.847,Polteageist
1541,Focus Sash,16.971,Polteageist
1542,Mental Herb,4.109,Polteageist
1543,White Herb,3.095,Polteageist
1544,Other,2.619,Polteageist
1545,Eviolite,99.924,Tangela
1546,Other,0.076,Tangela
1547,Focus Sash,90.979,Morpeko Full Belly Mode
1548,Aguav Berry,3.870,Morpeko Full Belly Mode
1549,Figy Berry,1.640,Morpeko Full Belly Mode
1550,Other,3.511,Morpeko Full Belly Mode
1551,Wide Lens,85.111,Eldegoss
1552,Leftovers,5.815,Eldegoss
1553,Heavy-Duty Boots,5.373,Eldegoss
1554,Other,3.701,Eldegoss
1555,Babiri Berry,80.999,Aromatisse
1556,Light Clay,13.098,Aromatisse
1557,Figy Berry,1.752,Aromatisse
1558,Other,4.152,Aromatisse
1559,Assault Vest,68.910,Miltank
1560,Leftovers,11.040,Miltank
1561,Psychic Seed,5.635,Miltank
1562,Chople Berry,3.319,Miltank
1563,Rocky Helmet,2.553,Miltank
1564,Expert Belt,1.735,Miltank
1565,Life Orb,1.539,Miltank
1566,Sitrus Berry,1.431,Miltank
1567,Other,3.839,Miltank
1568,Coba Berry,69.529,Gourgeist Super Size
1569,Figy Berry,15.773,Gourgeist Super Size
1570,Colbur Berry,8.338,Gourgeist Super Size
1571,Aguav Berry,2.070,Gourgeist Super Size
1572,Other,4.289,Gourgeist Super Size
1573,Life Orb,43.352,Crawdaunt
1574,Assault Vest,19.958,Crawdaunt
1575,Mystic Water,18.918,Crawdaunt
1576,Focus Sash,13.476,Crawdaunt
1577,Other,4.296,Crawdaunt
1578,Flame Orb,41.887,Heracross
1579,Lum Berry,14.900,Heracross
1580,Choice Scarf,13.669,Heracross
1581,Focus Sash,10.013,Heracross
1582,Life Orb,6.654,Heracross
1583,Assault Vest,3.215,Heracross
1584,Expert Belt,2.983,Heracross
1585,Wide Lens,2.912,Heracross
1586,Other,3.767,Heracross
1587,Eviolite,99.505,Magneton
1588,Other,0.495,Magneton
1589,Sitrus Berry,25.676,Stoutland
1590,Focus Sash,19.111,Stoutland
1591,Aguav Berry,18.064,Stoutland
1592,Life Orb,11.865,Stoutland
1593,Chople Berry,4.195,Stoutland
1594,Silk Scarf,3.653,Stoutland
1595,Iapapa Berry,3.551,Stoutland
1596,Figy Berry,3.547,Stoutland
1597,Mental Herb,1.564,Stoutland
1598,Choice Scarf,1.548,Stoutland
1599,Choice Band,1.233,Stoutland
1600,Leftovers,1.066,Stoutland
1601,Other,4.927,Stoutland
1602,Focus Sash,51.788,Noivern
1603,Lum Berry,23.306,Noivern
1604,Life Orb,7.209,Noivern
1605,Weakness Policy,3.635,Noivern
1606,Assault Vest,2.886,Noivern
1607,Haban Berry,2.605,Noivern
1608,Dragon Fang,2.063,Noivern
1609,Rocky Helmet,1.847,Noivern
1610,Other,4.661,Noivern
1611,Aguav Berry,48.911,Claydol
1612,Leftovers,22.161,Claydol
1613,Iron Ball,10.930,Claydol
1614,Rocky Helmet,9.620,Claydol
1615,Safety Goggles,3.680,Claydol
1616,Other,4.698,Claydol
1617,Life Orb,47.007,Jolteon
1618,Focus Sash,27.731,Jolteon
1619,Magnet,10.602,Jolteon
1620,Choice Specs,8.114,Jolteon
1621,Expert Belt,3.816,Jolteon
1622,Other,2.731,Jolteon
1623,Focus Sash,48.665,Vileplume
1624,Wide Lens,44.347,Vileplume
1625,Black Sludge,4.624,Vileplume
1626,Other,2.364,Vileplume
1627,Power Herb,19.598,Cursola
1628,Focus Sash,18.920,Cursola
1629,Weakness Policy,16.755,Cursola
1630,Expert Belt,14.780,Cursola
1631,Choice Specs,10.157,Cursola
1632,Life Orb,7.523,Cursola
1633,Assault Vest,4.934,Cursola
1634,Iron Ball,2.825,Cursola
1635,Other,4.510,Cursola
1636,Life Orb,33.746,Falinks
1637,Psychic Seed,16.373,Falinks
1638,Weakness Policy,14.710,Falinks
1639,Grassy Seed,10.496,Falinks
1640,Focus Sash,6.928,Falinks
1641,Lum Berry,3.731,Falinks
1642,Protective Pads,3.682,Falinks
1643,Choice Scarf,2.658,Falinks
1644,Coba Berry,2.262,Falinks
1645,Expert Belt,1.568,Falinks
1646,Other,3.847,Falinks
1647,Aguav Berry,37.886,Dedenne
1648,Sitrus Berry,27.526,Dedenne
1649,Choice Scarf,19.245,Dedenne
1650,Focus Sash,12.118,Dedenne
1651,Other,3.225,Dedenne
1652,Life Orb,75.350,Flygon
1653,Choice Band,8.993,Flygon
1654,Expert Belt,3.668,Flygon
1655,Lum Berry,2.438,Flygon
1656,Focus Sash,2.121,Flygon
1657,Choice Scarf,1.959,Flygon
1658,Psychic Seed,1.811,Flygon
1659,Other,3.660,Flygon
1660,Weakness Policy,68.372,Crustle
1661,Focus Sash,16.910,Crustle
1662,White Herb,13.241,Crustle
1663,Other,1.478,Crustle
1664,Colbur Berry,42.579,Reuniclus
1665,Life Orb,27.187,Reuniclus
1666,Mental Herb,9.338,Reuniclus
1667,Weakness Policy,6.782,Reuniclus
1668,Leftovers,2.341,Reuniclus
1669,Twisted Spoon,2.199,Reuniclus
1670,Sitrus Berry,1.883,Reuniclus
1671,Room Service,1.573,Reuniclus
1672,Kasib Berry,1.172,Reuniclus
1673,Other,4.946,Reuniclus
1674,Life Orb,46.318,Dusknoir
1675,Colbur Berry,15.255,Dusknoir
1676,Weakness Policy,15.012,Dusknoir
1677,Leftovers,5.891,Dusknoir
1678,Mental Herb,4.098,Dusknoir
1679,Assault Vest,3.679,Dusknoir
1680,Kasib Berry,3.224,Dusknoir
1681,Figy Berry,1.812,Dusknoir
1682,Other,4.713,Dusknoir
1683,Shuca Berry,27.881,Drapion
1684,Safety Goggles,26.379,Drapion
1685,Assault Vest,24.041,Drapion
1686,Scope Lens,17.344,Drapion
1687,Other,4.355,Drapion
1688,Choice Specs,62.177,Exploud
1689,Throat Spray,30.025,Exploud
1690,Life Orb,6.443,Exploud
1691,Other,1.355,Exploud
1692,Lum Berry,42.303,Wigglytuff
1693,Life Orb,23.098,Wigglytuff
1694,Assault Vest,11.425,Wigglytuff
1695,Sitrus Berry,8.851,Wigglytuff
1696,Babiri Berry,5.342,Wigglytuff
1697,Weakness Policy,1.636,Wigglytuff
1698,Choice Specs,1.177,Wigglytuff
1699,Eject Button,1.133,Wigglytuff
1700,Pixie Plate,0.921,Wigglytuff
1701,Other,4.115,Wigglytuff
1702,Psychic Seed,70.289,Gardevoir
1703,Focus Sash,6.589,Gardevoir
1704,Choice Scarf,4.174,Gardevoir
1705,Choice Specs,3.618,Gardevoir
1706,Safety Goggles,3.616,Gardevoir
1707,Assault Vest,2.363,Gardevoir
1708,Babiri Berry,1.992,Gardevoir
1709,Life Orb,1.675,Gardevoir
1710,Sitrus Berry,1.548,Gardevoir
1711,Other,4.136,Gardevoir
1712,Eviolite,99.513,Galarian Corsola
1713,Other,0.487,Galarian Corsola
1714,Focus Sash,84.709,Vanilluxe
1715,Choice Scarf,6.739,Vanilluxe
1716,Never-Melt Ice,4.475,Vanilluxe
1717,Other,4.077,Vanilluxe
1718,Rindo Berry,84.313,Seaking
1719,Aguav Berry,6.007,Seaking
1720,Leftovers,3.961,Seaking
1721,Choice Scarf,3.335,Seaking
1722,Other,2.384,Seaking
1723,Focus Sash,79.226,Sigilyph
1724,Weakness Policy,7.001,Sigilyph
1725,Blunder Policy,4.766,Sigilyph
1726,Life Orb,2.186,Sigilyph
1727,Safety Goggles,1.871,Sigilyph
1728,Other,4.950,Sigilyph
1729,Assault Vest,38.667,Decidueye
1730,Choice Specs,19.346,Decidueye
1731,Life Orb,13.526,Decidueye
1732,Weakness Policy,12.978,Decidueye
1733,Sitrus Berry,8.515,Decidueye
1734,Choice Scarf,3.458,Decidueye
1735,Other,3.510,Decidueye
1736,Focus Sash,81.587,Galvantula
1737,Assault Vest,11.132,Galvantula
1738,Life Orb,6.186,Galvantula
1739,Other,1.095,Galvantula
1740,Weakness Policy,95.378,Arctovish
1741,Other,4.622,Arctovish
1742,Leftovers,34.710,Maractus
1743,Expert Belt,25.798,Maractus
1744,Focus Sash,14.423,Maractus
1745,Sitrus Berry,12.300,Maractus
1746,Choice Specs,5.592,Maractus
1747,Room Service,3.537,Maractus
1748,Other,3.641,Maractus
1749,Weakness Policy,41.961,Orbeetle
1750,Leftovers,23.147,Orbeetle
1751,Sitrus Berry,12.684,Orbeetle
1752,Focus Sash,10.922,Orbeetle
1753,Light Clay,3.045,Orbeetle
1754,Life Orb,1.751,Orbeetle
1755,Safety Goggles,1.214,Orbeetle
1756,Aguav Berry,0.882,Orbeetle
1757,Other,4.394,Orbeetle
1758,Assault Vest,40.401,Passimian
1759,Weakness Policy,36.941,Passimian
1760,Choice Scarf,6.150,Passimian
1761,Coba Berry,3.197,Passimian
1762,Life Orb,2.688,Passimian
1763,Focus Sash,2.601,Passimian
1764,Payapa Berry,2.393,Passimian
1765,Expert Belt,1.981,Passimian
1766,Other,3.648,Passimian
1767,Expert Belt,61.106,Ninjask
1768,Focus Sash,33.582,Ninjask
1769,Choice Band,2.360,Ninjask
1770,Other,2.951,Ninjask
1771,Rocky Helmet,92.811,Druddigon
1772,Life Orb,5.177,Druddigon
1773,Other,2.011,Druddigon
1774,Focus Sash,35.039,Lycanroc Midday Form
1775,Choice Band,27.490,Lycanroc Midday Form
1776,Weakness Policy,22.291,Lycanroc Midday Form
1777,Life Orb,12.932,Lycanroc Midday Form
1778,Other,2.249,Lycanroc Midday Form
1779,Life Orb,40.397,Beheeyem
1780,Power Herb,39.385,Beheeyem
1781,Focus Sash,9.300,Beheeyem
1782,Choice Specs,4.776,Beheeyem
1783,Kasib Berry,3.705,Beheeyem
1784,Other,2.436,Beheeyem
1785,Thick Club,100.000,Marowak
1786,Other,0.000,Marowak
1787,Weakness Policy,47.830,Tentacruel
1788,Expert Belt,27.876,Tentacruel
1789,Life Orb,8.268,Tentacruel
1790,Black Sludge,3.706,Tentacruel
1791,Assault Vest,3.319,Tentacruel
1792,Safety Goggles,2.558,Tentacruel
1793,Lum Berry,2.009,Tentacruel
1794,Other,4.433,Tentacruel
1795,Weakness Policy,51.060,Dragalge
1796,Life Orb,34.982,Dragalge
1797,Safety Goggles,6.299,Dragalge
1798,Aguav Berry,2.851,Dragalge
1799,Other,4.808,Dragalge
1800,Toxic Orb,90.428,Flareon
1801,Choice Scarf,7.290,Flareon
1802,Other,2.281,Flareon
1803,Leftovers,81.296,Bewear
1804,Assault Vest,13.436,Bewear
1805,Lum Berry,3.722,Bewear
1806,Other,1.545,Bewear
1807,Eviolite,74.559,Scyther
1808,Choice Band,14.562,Scyther
1809,Life Orb,9.366,Scyther
1810,Other,1.513,Scyther
1811,Life Orb,62.151,Alolan Sandslash
1812,Focus Sash,15.764,Alolan Sandslash
1813,Assault Vest,7.375,Alolan Sandslash
1814,Expert Belt,4.438,Alolan Sandslash
1815,Snowball,3.918,Alolan Sandslash
1816,Choice Band,3.660,Alolan Sandslash
1817,Other,2.694,Alolan Sandslash
1818,Sitrus Berry,69.668,Poliwrath
1819,Weakness Policy,11.898,Poliwrath
1820,Assault Vest,9.083,Poliwrath
1821,Life Orb,3.757,Poliwrath
1822,Choice Band,1.162,Poliwrath
1823,Other,4.433,Poliwrath
1824,Razor Claw,48.287,Lycanroc Midnight Form
1825,Life Orb,12.256,Lycanroc Midnight Form
1826,Expert Belt,9.895,Lycanroc Midnight Form
1827,Choice Band,7.634,Lycanroc Midnight Form
1828,Assault Vest,6.428,Lycanroc Midnight Form
1829,Weakness Policy,6.419,Lycanroc Midnight Form
1830,Choice Scarf,4.228,Lycanroc Midnight Form
1831,Other,4.855,Lycanroc Midnight Form
1832,Life Orb,60.413,Golurk
1833,Weakness Policy,19.724,Golurk
1834,Assault Vest,9.524,Golurk
1835,Spell Tag,2.468,Golurk
1836,Expert Belt,2.161,Golurk
1837,Iron Ball,1.767,Golurk
1838,Other,3.941,Golurk
1839,Assault Vest,39.115,Lickilicky
1840,Weakness Policy,16.817,Lickilicky
1841,Sitrus Berry,12.852,Lickilicky
1842,Aguav Berry,8.984,Lickilicky
1843,Normal Gem,7.409,Lickilicky
1844,Choice Band,5.673,Lickilicky
1845,Leftovers,3.901,Lickilicky
1846,Life Orb,2.425,Lickilicky
1847,Other,2.824,Lickilicky
1848,Sitrus Berry,85.332,Fan Rotom
1849,Life Orb,7.053,Fan Rotom
1850,Light Clay,2.711,Fan Rotom
1851,Other,4.904,Fan Rotom
1852,Psychic Seed,32.861,Hitmonlee
1853,Weakness Policy,28.109,Hitmonlee
1854,Grassy Seed,26.315,Hitmonlee
1855,Electric Seed,7.365,Hitmonlee
1856,Normal Gem,3.361,Hitmonlee
1857,Other,1.989,Hitmonlee
1858,Life Orb,42.757,Scolipede
1859,Focus Sash,30.107,Scolipede
1860,Choice Band,18.057,Scolipede
1861,Assault Vest,3.173,Scolipede
1862,Weakness Policy,2.033,Scolipede
1863,Other,3.873,Scolipede
1864,Leftovers,48.323,Dunsparce
1865,Choice Scarf,15.581,Dunsparce
1866,Choice Band,11.026,Dunsparce
1867,Assault Vest,8.867,Dunsparce
1868,Blunder Policy,5.559,Dunsparce
1869,Focus Sash,3.155,Dunsparce
1870,Chople Berry,1.963,Dunsparce
1871,Metronome,1.395,Dunsparce
1872,Other,4.132,Dunsparce
1873,Assault Vest,58.981,Sandslash
1874,Life Orb,18.352,Sandslash
1875,Expert Belt,14.834,Sandslash
1876,Focus Sash,2.969,Sandslash
1877,Other,4.864,Sandslash
1878,Weakness Policy,92.204,Steelix
1879,Assault Vest,2.849,Steelix
1880,Other,4.947,Steelix
1881,Weakness Policy,56.892,Noctowl
1882,Sharp Beak,25.683,Noctowl
1883,Life Orb,7.174,Noctowl
1884,Throat Spray,5.933,Noctowl
1885,Other,4.318,Noctowl
1886,Weakness Policy,99.266,Corsola
1887,Other,0.734,Corsola
1888,Focus Sash,99.860,Mime Jr.
1889,Other,0.140,Mime Jr.
1890,Figy Berry,99.986,Gourgeist Large Size
1891,Other,0.014,Gourgeist Large Size
