Item,Use_Percentage (%),Pokemon
Rusted Sword,100.000%,Zacian Crowned Sword
Shuca Berry,36.082%,Incineroar
Safety Goggles,23.390%,Incineroar
Sitrus Berry,14.031%,Incineroar
Focus Sash,8.994%,Incineroar
Figy Berry,3.636%,Incineroar
Assault Vest,3.173%,Incineroar
Weakness Policy,2.494%,Incineroar
Chople Berry,1.935%,Incineroar
Eject Button,1.335%,Incineroar
Other,4.928%,Incineroar
Mystic Water,34.414%,Kyogre
Life Orb,20.986%,Kyogre
Choice Scarf,14.993%,Kyogre
Assault Vest,9.969%,Kyogre
Choice Specs,7.006%,Kyogre
Sea Incense,3.690%,Kyogre
Leftovers,3.189%,Kyogre
Wave Incense,2.427%,Kyogre
Other,3.326%,Kyogre
Light Clay,57.116%,Grimmsnarl
Iron Ball,20.017%,Grimmsnarl
Lagging Tail,10.226%,Grimmsnarl
Focus Sash,5.080%,Grimmsnarl
Babiri Berry,2.821%,Grimmsnarl
Other,4.740%,Grimmsnarl
Life Orb,29.152%,Regieleki
Focus Sash,28.769%,Regieleki
Magnet,18.534%,Regieleki
Assault Vest,17.208%,Regieleki
Choice Scarf,1.755%,Regieleki
Other,4.582%,Regieleki
Assault Vest,41.249%,Rillaboom
Miracle Seed,29.114%,Rillaboom
Rose Incense,15.973%,Rillaboom
Grassy Seed,4.515%,Rillaboom
Expert Belt,3.748%,Rillaboom
Life Orb,1.590%,Rillaboom
Other,3.811%,Rillaboom
Assault Vest,50.974%,Groudon
Sitrus Berry,22.661%,Groudon
Weakness Policy,5.618%,Groudon
Choice Scarf,4.647%,Groudon
White Herb,4.020%,Groudon
Wide Lens,3.800%,Groudon
Life Orb,3.520%,Groudon
Other,4.760%,Groudon
Focus Sash,61.341%,Calyrex Shadow Rider
Choice Specs,19.098%,Calyrex Shadow Rider
Life Orb,14.525%,Calyrex Shadow Rider
Choice Scarf,3.928%,Calyrex Shadow Rider
Other,1.108%,Calyrex Shadow Rider
Assault Vest,43.265%,Thundurus Incarnate Forme
Life Orb,19.423%,Thundurus Incarnate Forme
Sitrus Berry,12.571%,Thundurus Incarnate Forme
Safety Goggles,10.177%,Thundurus Incarnate Forme
Magnet,5.361%,Thundurus Incarnate Forme
Expert Belt,2.842%,Thundurus Incarnate Forme
Iron Ball,2.545%,Thundurus Incarnate Forme
Other,3.816%,Thundurus Incarnate Forme
White Herb,42.077%,Landorus Therian Forme
Life Orb,20.890%,Landorus Therian Forme
Assault Vest,13.064%,Landorus Therian Forme
Lum Berry,10.388%,Landorus Therian Forme
Choice Scarf,7.671%,Landorus Therian Forme
Choice Band,3.124%,Landorus Therian Forme
Other,2.786%,Landorus Therian Forme
Leftovers,84.781%,Gastrodon
Rindo Berry,6.800%,Gastrodon
Sitrus Berry,6.223%,Gastrodon
Other,2.196%,Gastrodon
Lum Berry,39.492%,Charizard
Life Orb,28.879%,Charizard
Charti Berry,21.713%,Charizard
Assault Vest,4.232%,Charizard
Wacan Berry,1.229%,Charizard
Other,4.455%,Charizard
Coba Berry,50.111%,Amoonguss
Mental Herb,16.966%,Amoonguss
Focus Sash,15.017%,Amoonguss
Yache Berry,5.053%,Amoonguss
Sitrus Berry,3.186%,Amoonguss
Occa Berry,2.476%,Amoonguss
Iapapa Berry,1.860%,Amoonguss
Wiki Berry,1.431%,Amoonguss
Other,3.901%,Amoonguss
Psychic Seed,64.443%,Indeedee Female
Focus Sash,23.447%,Indeedee Female
Safety Goggles,9.133%,Indeedee Female
Other,2.977%,Indeedee Female
Focus Sash,59.282%,Whimsicott
Eject Button,22.419%,Whimsicott
Mental Herb,7.572%,Whimsicott
Coba Berry,4.387%,Whimsicott
Expert Belt,3.002%,Whimsicott
Other,3.338%,Whimsicott
Life Orb,49.056%,Yveltal
Assault Vest,39.906%,Yveltal
Weakness Policy,3.778%,Yveltal
Black Glasses,2.648%,Yveltal
Other,4.612%,Yveltal
Weakness Policy,39.275%,Calyrex Ice Rider
Babiri Berry,32.411%,Calyrex Ice Rider
White Herb,11.253%,Calyrex Ice Rider
Focus Sash,6.578%,Calyrex Ice Rider
Life Orb,3.013%,Calyrex Ice Rider
Assault Vest,2.849%,Calyrex Ice Rider
Other,4.621%,Calyrex Ice Rider
Life Orb,46.740%,Palkia
Lustrous Orb,28.547%,Palkia
Safety Goggles,10.162%,Palkia
Wiki Berry,6.336%,Palkia
Psychic Seed,3.851%,Palkia
Other,4.364%,Palkia
Eviolite,99.999%,Porygon2
Other,0.001%,Porygon2
Focus Sash,63.365%,Tornadus Incarnate Forme
Life Orb,17.875%,Tornadus Incarnate Forme
Mental Herb,6.243%,Tornadus Incarnate Forme
Wacan Berry,3.918%,Tornadus Incarnate Forme
Sharp Beak,2.393%,Tornadus Incarnate Forme
Sitrus Berry,2.153%,Tornadus Incarnate Forme
Other,4.053%,Tornadus Incarnate Forme
Life Orb,68.894%,Zapdos
Safety Goggles,19.278%,Zapdos
Utility Umbrella,4.511%,Zapdos
Assault Vest,3.374%,Zapdos
Other,3.943%,Zapdos
Assault Vest,73.383%,Kartana
Life Orb,20.575%,Kartana
Focus Sash,2.936%,Kartana
Other,3.106%,Kartana
Wacan Berry,60.820%,Blastoise
Assault Vest,21.366%,Blastoise
Mystic Water,8.865%,Blastoise
Weakness Policy,1.821%,Blastoise
Sitrus Berry,1.665%,Blastoise
Life Orb,1.495%,Blastoise
Other,3.968%,Blastoise
Focus Sash,28.253%,Venusaur
Weakness Policy,23.713%,Venusaur
Life Orb,20.899%,Venusaur
Coba Berry,19.643%,Venusaur
Assault Vest,3.178%,Venusaur
Other,4.314%,Venusaur
Leftovers,81.215%,Ferrothorn
Assault Vest,14.350%,Ferrothorn
Other,4.435%,Ferrothorn
Choice Scarf,92.212%,Ditto
Sitrus Berry,2.117%,Ditto
Quick Claw,1.953%,Ditto
Other,3.718%,Ditto
Focus Sash,39.380%,Urshifu Single Strike Style
Choice Band,38.146%,Urshifu Single Strike Style
Black Glasses,16.687%,Urshifu Single Strike Style
Life Orb,3.272%,Urshifu Single Strike Style
Other,2.515%,Urshifu Single Strike Style
Power Herb,99.807%,Xerneas
Other,0.193%,Xerneas
Life Orb,76.991%,Dialga
Adamant Orb,10.411%,Dialga
Weakness Policy,5.436%,Dialga
Safety Goggles,2.326%,Dialga
Other,4.836%,Dialga
Safety Goggles,57.500%,Shedinja
Focus Sash,42.056%,Shedinja
Other,0.444%,Shedinja
Weakness Policy,80.174%,Solgaleo
Life Orb,10.486%,Solgaleo
Assault Vest,9.034%,Solgaleo
Other,0.305%,Solgaleo
Eviolite,99.568%,Dusclops
Other,0.432%,Dusclops
Charcoal,44.962%,Torkoal
Choice Specs,14.971%,Torkoal
Focus Sash,14.667%,Torkoal
Sitrus Berry,12.993%,Torkoal
Shuca Berry,8.315%,Torkoal
Other,4.093%,Torkoal
Life Orb,91.604%,Kingdra
Focus Sash,5.955%,Kingdra
Other,2.442%,Kingdra
Focus Sash,86.270%,Raichu
Assault Vest,6.598%,Raichu
Air Balloon,4.274%,Raichu
Other,2.858%,Raichu
Shuca Berry,65.383%,Weezing
Focus Sash,26.442%,Weezing
Black Sludge,5.177%,Weezing
Other,2.998%,Weezing
Choice Scarf,56.319%,Entei
Assault Vest,19.525%,Entei
Life Orb,15.764%,Entei
Shuca Berry,3.369%,Entei
Weakness Policy,1.092%,Entei
Other,3.930%,Entei
Power Herb,94.005%,Lunala
Life Orb,1.193%,Lunala
Other,4.802%,Lunala
Life Orb,81.363%,White Kyurem
Choice Scarf,6.298%,White Kyurem
Lum Berry,3.629%,White Kyurem
Babiri Berry,2.958%,White Kyurem
Assault Vest,2.672%,White Kyurem
Other,3.079%,White Kyurem
Leftovers,43.479%,Tapu Fini
Expert Belt,19.610%,Tapu Fini
Sitrus Berry,12.230%,Tapu Fini
Misty Seed,7.823%,Tapu Fini
Choice Specs,6.438%,Tapu Fini
Life Orb,5.221%,Tapu Fini
Wiki Berry,1.856%,Tapu Fini
Other,3.344%,Tapu Fini
Focus Sash,41.563%,Sableye
Safety Goggles,25.833%,Sableye
Iron Ball,14.422%,Sableye
Eject Button,4.951%,Sableye
Roseli Berry,4.864%,Sableye
Sitrus Berry,3.933%,Sableye
Other,4.433%,Sableye
Focus Sash,57.855%,Urshifu Rapid Strike Style
Choice Band,28.072%,Urshifu Rapid Strike Style
Choice Scarf,7.201%,Urshifu Rapid Strike Style
Mystic Water,2.938%,Urshifu Rapid Strike Style
Other,3.933%,Urshifu Rapid Strike Style
Choice Scarf,66.969%,Tapu Lele
Focus Sash,15.717%,Tapu Lele
Twisted Spoon,9.604%,Tapu Lele
Psychic Seed,3.860%,Tapu Lele
Other,3.851%,Tapu Lele
Mental Herb,70.366%,Mimikyu
Safety Goggles,11.942%,Mimikyu
Babiri Berry,7.566%,Mimikyu
Starf Berry,3.577%,Mimikyu
Lum Berry,1.148%,Mimikyu
Light Clay,1.105%,Mimikyu
Other,4.296%,Mimikyu
Focus Sash,69.977%,Gothitelle
Mental Herb,14.358%,Gothitelle
Safety Goggles,7.837%,Gothitelle
Sitrus Berry,3.810%,Gothitelle
Other,4.018%,Gothitelle
Life Orb,84.165%,Seismitoad
Expert Belt,5.872%,Seismitoad
Assault Vest,4.278%,Seismitoad
Rindo Berry,2.588%,Seismitoad
Other,3.097%,Seismitoad
Weakness Policy,47.930%,Ho-oh
Safety Goggles,13.807%,Ho-oh
Assault Vest,7.135%,Ho-oh
Charti Berry,6.348%,Ho-oh
Leftovers,5.595%,Ho-oh
Lum Berry,5.402%,Ho-oh
Life Orb,4.943%,Ho-oh
Mago Berry,2.189%,Ho-oh
Sitrus Berry,1.721%,Ho-oh
Other,4.931%,Ho-oh
Safety Goggles,59.055%,Heat Rotom
Sitrus Berry,28.421%,Heat Rotom
Life Orb,6.161%,Heat Rotom
Aguav Berry,2.790%,Heat Rotom
Other,3.572%,Heat Rotom
Black Sludge,32.695%,Eternatus
Life Orb,21.417%,Eternatus
Dragon Fang,15.350%,Eternatus
Power Herb,14.662%,Eternatus
Choice Specs,11.731%,Eternatus
Other,4.145%,Eternatus
Life Orb,86.114%,Regigigas
Lum Berry,11.639%,Regigigas
Other,2.247%,Regigigas
Life Orb,41.424%,Cinderace
White Herb,33.648%,Cinderace
Focus Sash,15.050%,Cinderace
Choice Band,3.468%,Cinderace
Assault Vest,2.890%,Cinderace
Other,3.519%,Cinderace
Leftovers,73.326%,Bronzong
Mental Herb,7.286%,Bronzong
Sitrus Berry,7.268%,Bronzong
Wide Lens,6.827%,Bronzong
Safety Goggles,2.213%,Bronzong
Other,3.080%,Bronzong
Safety Goggles,31.203%,Togekiss
Scope Lens,27.303%,Togekiss
Focus Sash,19.493%,Togekiss
Babiri Berry,13.131%,Togekiss
Wacan Berry,2.890%,Togekiss
Weakness Policy,2.077%,Togekiss
Other,3.903%,Togekiss
Weakness Policy,93.952%,Coalossal
Room Service,3.744%,Coalossal
Other,2.305%,Coalossal
Focus Sash,43.349%,Dragapult
Life Orb,28.191%,Dragapult
Assault Vest,6.433%,Dragapult
Aguav Berry,6.316%,Dragapult
Light Clay,3.384%,Dragapult
Safety Goggles,2.682%,Dragapult
Lum Berry,2.512%,Dragapult
Weakness Policy,1.883%,Dragapult
Choice Scarf,1.795%,Dragapult
Other,3.456%,Dragapult
Leftovers,46.938%,Umbreon
Safety Goggles,23.229%,Umbreon
Room Service,16.426%,Umbreon
Sitrus Berry,9.246%,Umbreon
Other,4.161%,Umbreon
Focus Sash,71.746%,Indeedee Male
Choice Scarf,16.316%,Indeedee Male
Psychic Seed,8.783%,Indeedee Male
Other,3.155%,Indeedee Male
Babiri Berry,61.098%,Comfey
Focus Sash,19.302%,Comfey
Mental Herb,16.553%,Comfey
Other,3.047%,Comfey
Light Clay,60.456%,Lapras
Life Orb,19.710%,Lapras
Weakness Policy,14.445%,Lapras
Leftovers,1.992%,Lapras
Other,3.396%,Lapras
Life Orb,44.555%,Rayquaza
Lum Berry,28.418%,Rayquaza
Assault Vest,11.609%,Rayquaza
Focus Sash,6.037%,Rayquaza
Grassy Seed,4.417%,Rayquaza
Other,4.963%,Rayquaza
Safety Goggles,41.657%,Spectrier
Focus Sash,41.142%,Spectrier
Choice Scarf,8.599%,Spectrier
Spell Tag,6.004%,Spectrier
Other,2.598%,Spectrier
Assault Vest,46.598%,Reshiram
Life Orb,40.011%,Reshiram
Safety Goggles,6.958%,Reshiram
Charcoal,1.077%,Reshiram
Sitrus Berry,1.011%,Reshiram
Other,4.345%,Reshiram
Leftovers,47.338%,Zygarde Complete Forme
Weakness Policy,27.115%,Zygarde Complete Forme
Misty Seed,18.909%,Zygarde Complete Forme
Figy Berry,1.813%,Zygarde Complete Forme
Other,4.825%,Zygarde Complete Forme
Life Orb,46.877%,Mamoswine
Babiri Berry,46.572%,Mamoswine
Focus Sash,3.998%,Mamoswine
Other,2.553%,Mamoswine
Power Herb,95.899%,Dawn Wings Necrozma
Other,4.101%,Dawn Wings Necrozma
Life Orb,78.300%,Barraskewda
White Herb,11.576%,Barraskewda
Choice Scarf,5.501%,Barraskewda
Other,4.623%,Barraskewda
Assault Vest,28.431%,Celesteela
Sitrus Berry,20.166%,Celesteela
Leftovers,16.158%,Celesteela
Power Herb,14.848%,Celesteela
Weakness Policy,11.164%,Celesteela
Expert Belt,7.068%,Celesteela
Other,2.165%,Celesteela
Weakness Policy,62.375%,Metagross
Assault Vest,27.254%,Metagross
Life Orb,6.162%,Metagross
Other,4.210%,Metagross
Safety Goggles,38.966%,Araquanid
Iron Ball,20.633%,Araquanid
Life Orb,18.728%,Araquanid
Mystic Water,13.125%,Araquanid
Sitrus Berry,3.834%,Araquanid
Other,4.714%,Araquanid
Focus Sash,80.996%,Pheromosa
Choice Scarf,9.657%,Pheromosa
Focus Band,4.329%,Pheromosa
Mental Herb,1.594%,Pheromosa
Other,3.424%,Pheromosa
Focus Sash,46.913%,Arcanine
Rocky Helmet,11.384%,Arcanine
Sitrus Berry,10.225%,Arcanine
Utility Umbrella,9.434%,Arcanine
Shuca Berry,6.381%,Arcanine
Assault Vest,4.555%,Arcanine
Leftovers,4.103%,Arcanine
Life Orb,1.404%,Arcanine
Safety Goggles,1.225%,Arcanine
Other,4.376%,Arcanine
Rusted Shield,100.000%,Zamazenta Crowned Shield
Eviolite,86.232%,Clefairy
Focus Sash,13.145%,Clefairy
Other,0.623%,Clefairy
Focus Sash,84.096%,Mienshao
Black Belt,15.034%,Mienshao
Other,0.869%,Mienshao
Weakness Policy,89.577%,Lugia
Life Orb,5.941%,Lugia
Other,4.482%,Lugia
Eviolite,98.059%,Chansey
Other,1.941%,Chansey
Leftovers,63.746%,Suicune
Wacan Berry,20.904%,Suicune
Sitrus Berry,7.712%,Suicune
Aguav Berry,3.784%,Suicune
Other,3.854%,Suicune
Expert Belt,61.022%,Landorus Incarnate Forme
Life Orb,30.205%,Landorus Incarnate Forme
Choice Scarf,5.178%,Landorus Incarnate Forme
Other,3.594%,Landorus Incarnate Forme
Weakness Policy,88.874%,Dusk Mane Necrozma
Assault Vest,3.163%,Dusk Mane Necrozma
Leftovers,2.009%,Dusk Mane Necrozma
Life Orb,1.916%,Dusk Mane Necrozma
Other,4.037%,Dusk Mane Necrozma
Leftovers,68.167%,Alcremie
Focus Sash,19.467%,Alcremie
Sitrus Berry,6.415%,Alcremie
Iron Ball,2.162%,Alcremie
Other,3.788%,Alcremie
Life Orb,48.985%,Tapu Koko
Assault Vest,29.792%,Tapu Koko
Focus Sash,7.008%,Tapu Koko
Light Clay,6.982%,Tapu Koko
Choice Specs,2.686%,Tapu Koko
Other,4.547%,Tapu Koko
Focus Sash,97.584%,Liepard
Other,2.416%,Liepard
Assault Vest,67.212%,Hydreigon
Safety Goggles,16.907%,Hydreigon
Life Orb,12.242%,Hydreigon
Other,3.639%,Hydreigon
Focus Sash,82.706%,Weavile
Wide Lens,12.632%,Weavile
Other,4.662%,Weavile
Wide Lens,34.761%,Tsareena
Coba Berry,22.330%,Tsareena
Assault Vest,15.928%,Tsareena
Sitrus Berry,13.989%,Tsareena
Focus Sash,7.738%,Tsareena
Life Orb,2.328%,Tsareena
Other,2.926%,Tsareena
Lum Berry,52.918%,Glastrier
Babiri Berry,16.920%,Glastrier
Assault Vest,14.209%,Glastrier
Life Orb,7.075%,Glastrier
Leftovers,5.359%,Glastrier
Other,3.520%,Glastrier
Iron Ball,28.129%,Dracovish
Choice Band,25.899%,Dracovish
Choice Scarf,17.511%,Dracovish
Assault Vest,13.597%,Dracovish
Safety Goggles,13.130%,Dracovish
Other,1.734%,Dracovish
Choice Specs,72.827%,Regidrago
Dragon Fang,23.140%,Regidrago
Other,4.034%,Regidrago
Eject Button,76.446%,Hitmontop
Focus Sash,13.308%,Hitmontop
Leftovers,2.473%,Hitmontop
Figy Berry,2.056%,Hitmontop
Eject Pack,1.561%,Hitmontop
Other,4.156%,Hitmontop
Choice Scarf,98.092%,Darmanitan Galarian Standard Mode
Other,1.908%,Darmanitan Galarian Standard Mode
Weakness Policy,73.595%,Zekrom
Life Orb,9.700%,Zekrom
Assault Vest,4.806%,Zekrom
White Herb,3.910%,Zekrom
Focus Sash,2.815%,Zekrom
Magnet,2.180%,Zekrom
Other,2.993%,Zekrom
Custap Berry,63.574%,Shuckle
Safety Goggles,27.369%,Shuckle
Quick Claw,3.505%,Shuckle
Iapapa Berry,2.108%,Shuckle
Other,3.444%,Shuckle
Assault Vest,40.633%,Galarian Zapdos
Choice Band,12.784%,Galarian Zapdos
Choice Scarf,10.807%,Galarian Zapdos
Weakness Policy,8.570%,Galarian Zapdos
Life Orb,8.416%,Galarian Zapdos
Focus Sash,5.935%,Galarian Zapdos
Adrenaline Orb,3.932%,Galarian Zapdos
Lum Berry,2.717%,Galarian Zapdos
Safety Goggles,2.209%,Galarian Zapdos
Other,3.997%,Galarian Zapdos
Focus Sash,44.387%,Volcarona
Rocky Helmet,28.865%,Volcarona
Sitrus Berry,12.107%,Volcarona
Coba Berry,4.186%,Volcarona
Wiki Berry,3.383%,Volcarona
Aguav Berry,2.216%,Volcarona
Other,4.855%,Volcarona
Eject Button,47.023%,Meowstic Male
Light Clay,25.748%,Meowstic Male
Full Incense,14.726%,Meowstic Male
Mental Herb,4.976%,Meowstic Male
Sitrus Berry,2.522%,Meowstic Male
Mago Berry,2.152%,Meowstic Male
Other,2.854%,Meowstic Male
Focus Sash,86.597%,Alolan Persian
Roseli Berry,6.239%,Alolan Persian
Flame Orb,2.094%,Alolan Persian
Assault Vest,1.807%,Alolan Persian
Other,3.262%,Alolan Persian
Custap Berry,36.600%,Snorlax
Sitrus Berry,33.766%,Snorlax
Figy Berry,6.820%,Snorlax
Leftovers,6.009%,Snorlax
Choice Band,5.168%,Snorlax
Aguav Berry,3.350%,Snorlax
Normal Gem,2.911%,Snorlax
Iapapa Berry,2.223%,Snorlax
Other,3.153%,Snorlax
Life Orb,35.670%,Stakataka
Focus Sash,17.998%,Stakataka
Shuca Berry,15.160%,Stakataka
Safety Goggles,9.627%,Stakataka
Leftovers,4.590%,Stakataka
Chople Berry,4.422%,Stakataka
Air Balloon,3.398%,Stakataka
Sitrus Berry,2.537%,Stakataka
White Herb,2.034%,Stakataka
Other,4.564%,Stakataka
Life Orb,74.269%,Thundurus Therian Forme
Assault Vest,16.743%,Thundurus Therian Forme
Choice Scarf,3.563%,Thundurus Therian Forme
Choice Specs,2.810%,Thundurus Therian Forme
Other,2.615%,Thundurus Therian Forme
Assault Vest,31.089%,Galarian Moltres
Life Orb,15.398%,Galarian Moltres
Weakness Policy,14.370%,Galarian Moltres
Safety Goggles,11.119%,Galarian Moltres
Black Glasses,9.867%,Galarian Moltres
Sitrus Berry,5.316%,Galarian Moltres
Utility Umbrella,4.998%,Galarian Moltres
Choice Scarf,2.321%,Galarian Moltres
Iapapa Berry,1.593%,Galarian Moltres
Other,3.928%,Galarian Moltres
Sharp Beak,23.359%,Talonflame
Power Herb,21.127%,Talonflame
Custap Berry,13.963%,Talonflame
Focus Sash,10.300%,Talonflame
Expert Belt,9.486%,Talonflame
Eject Button,8.172%,Talonflame
Safety Goggles,8.048%,Talonflame
Sitrus Berry,1.369%,Talonflame
Other,4.175%,Talonflame
Leftovers,62.330%,Milotic
Weakness Policy,6.232%,Milotic
Safety Goggles,6.020%,Milotic
Wacan Berry,4.921%,Milotic
Assault Vest,4.412%,Milotic
Sitrus Berry,3.763%,Milotic
Wide Lens,3.206%,Milotic
Life Orb,3.152%,Milotic
Adrenaline Orb,2.439%,Milotic
Other,3.525%,Milotic
Assault Vest,31.391%,Mewtwo
Weakness Policy,22.477%,Mewtwo
Choice Scarf,16.311%,Mewtwo
Life Orb,12.620%,Mewtwo
Mental Herb,11.433%,Mewtwo
Expert Belt,2.386%,Mewtwo
Other,3.382%,Mewtwo
Focus Sash,75.959%,Klinklang
Weakness Policy,23.889%,Klinklang
Other,0.151%,Klinklang
Scope Lens,71.310%,Inteleon
Life Orb,13.966%,Inteleon
Mystic Water,4.181%,Inteleon
Razor Claw,3.972%,Inteleon
Focus Sash,2.790%,Inteleon
Other,3.781%,Inteleon
Life Orb,64.867%,Salamence
Lum Berry,19.394%,Salamence
Choice Scarf,8.552%,Salamence
Leftovers,3.089%,Salamence
Other,4.099%,Salamence
Life Orb,77.349%,Hatterene
Focus Sash,11.564%,Hatterene
Babiri Berry,3.340%,Hatterene
Psychic Seed,2.999%,Hatterene
Other,4.748%,Hatterene
Focus Sash,89.407%,Sneasel
Eviolite,4.403%,Sneasel
Wide Lens,3.038%,Sneasel
Other,3.153%,Sneasel
Expert Belt,38.695%,Escavalier
Assault Vest,29.047%,Escavalier
Lum Berry,17.300%,Escavalier
Life Orb,7.155%,Escavalier
Occa Berry,6.028%,Escavalier
Other,1.775%,Escavalier
Sitrus Berry,49.757%,Wash Rotom
Safety Goggles,13.721%,Wash Rotom
Leftovers,9.529%,Wash Rotom
Life Orb,6.762%,Wash Rotom
Choice Specs,6.290%,Wash Rotom
Mental Herb,5.994%,Wash Rotom
Choice Scarf,2.732%,Wash Rotom
Assault Vest,1.488%,Wash Rotom
Other,3.727%,Wash Rotom
Sitrus Berry,75.745%,Politoed
Wiki Berry,5.612%,Politoed
Wacan Berry,5.044%,Politoed
Iapapa Berry,4.024%,Politoed
Aguav Berry,3.987%,Politoed
Custap Berry,3.824%,Politoed
Other,1.765%,Politoed
Life Orb,54.956%,Ludicolo
Assault Vest,19.927%,Ludicolo
Absorb Bulb,6.428%,Ludicolo
Expert Belt,5.201%,Ludicolo
Never-Melt Ice,4.359%,Ludicolo
Leftovers,2.827%,Ludicolo
Choice Specs,2.319%,Ludicolo
Other,3.983%,Ludicolo
Wacan Berry,69.819%,Slowking
Leftovers,13.671%,Slowking
Safety Goggles,12.189%,Slowking
Other,4.321%,Slowking
Leftovers,85.746%,Swampert
Life Orb,4.142%,Swampert
White Herb,4.051%,Swampert
Sitrus Berry,2.240%,Swampert
Other,3.821%,Swampert
Sitrus Berry,82.030%,Azumarill
Assault Vest,8.581%,Azumarill
White Herb,2.197%,Azumarill
Starf Berry,2.013%,Azumarill
Life Orb,1.681%,Azumarill
Other,3.498%,Azumarill
Choice Band,83.474%,Scizor
Occa Berry,8.102%,Scizor
Assault Vest,2.843%,Scizor
Life Orb,2.738%,Scizor
Other,2.843%,Scizor
Leftovers,38.696%,Galarian Articuno
Iron Ball,29.572%,Galarian Articuno
Weakness Policy,9.456%,Galarian Articuno
Sitrus Berry,4.784%,Galarian Articuno
Focus Sash,2.974%,Galarian Articuno
Assault Vest,2.971%,Galarian Articuno
Adrenaline Orb,2.571%,Galarian Articuno
Chesto Berry,2.563%,Galarian Articuno
Life Orb,1.543%,Galarian Articuno
Other,4.873%,Galarian Articuno
Weakness Policy,53.223%,Tyranitar
Assault Vest,12.471%,Tyranitar
Focus Sash,11.692%,Tyranitar
White Herb,8.204%,Tyranitar
Chople Berry,4.069%,Tyranitar
Salac Berry,3.373%,Tyranitar
Life Orb,2.515%,Tyranitar
Other,4.453%,Tyranitar
Light Ball,99.945%,Pikachu
Other,0.055%,Pikachu
Focus Sash,40.959%,Alolan Ninetales
Light Clay,31.186%,Alolan Ninetales
Choice Scarf,14.938%,Alolan Ninetales
Life Orb,9.312%,Alolan Ninetales
Other,3.604%,Alolan Ninetales
Thick Club,99.938%,Alolan Marowak
Other,0.062%,Alolan Marowak
Mystic Water,70.091%,Slowbro
Leftovers,24.729%,Slowbro
Rocky Helmet,2.348%,Slowbro
Other,2.832%,Slowbro
Griseous Orb,100.000%,Giratina Origin Forme
Black Sludge,99.848%,Toxapex
Other,0.152%,Toxapex
Light Clay,44.364%,Raikou
Air Balloon,29.454%,Raikou
Choice Scarf,20.488%,Raikou
Shuca Berry,4.861%,Raikou
Other,0.833%,Raikou
Focus Sash,72.006%,Pelipper
Wacan Berry,16.779%,Pelipper
Damp Rock,4.835%,Pelipper
Sitrus Berry,2.957%,Pelipper
Other,3.423%,Pelipper
Babiri Berry,68.363%,Galarian Weezing
Shuca Berry,24.469%,Galarian Weezing
Black Sludge,2.593%,Galarian Weezing
Other,4.576%,Galarian Weezing
Wacan Berry,35.456%,Kingler
Assault Vest,22.583%,Kingler
Life Orb,20.541%,Kingler
Mystic Water,19.185%,Kingler
Other,2.235%,Kingler
Sitrus Berry,49.535%,Oranguru
Mental Herb,11.378%,Oranguru
Psychic Seed,10.516%,Oranguru
Choice Band,8.209%,Oranguru
Colbur Berry,7.357%,Oranguru
Choice Specs,3.530%,Oranguru
Choice Scarf,2.685%,Oranguru
Wide Lens,2.320%,Oranguru
Other,4.470%,Oranguru
Focus Sash,58.813%,Nihilego
Power Herb,23.019%,Nihilego
Adrenaline Orb,9.306%,Nihilego
Life Orb,4.097%,Nihilego
Other,4.764%,Nihilego
Lansat Berry,55.960%,Togedemaru
Choice Scarf,26.528%,Togedemaru
Focus Sash,10.746%,Togedemaru
Salac Berry,2.972%,Togedemaru
Other,3.794%,Togedemaru
Assault Vest,32.114%,Gyarados
Life Orb,29.638%,Gyarados
Sitrus Berry,21.928%,Gyarados
Choice Scarf,4.798%,Gyarados
Lum Berry,2.978%,Gyarados
Focus Sash,2.344%,Gyarados
Wacan Berry,2.130%,Gyarados
Other,4.070%,Gyarados
Life Orb,62.633%,Garchomp
Choice Band,7.764%,Garchomp
Yache Berry,7.168%,Garchomp
White Herb,6.828%,Garchomp
Lum Berry,5.815%,Garchomp
Choice Scarf,3.231%,Garchomp
Bright Powder,2.453%,Garchomp
Other,4.107%,Garchomp
Focus Sash,81.331%,Heliolisk
Choice Scarf,6.675%,Heliolisk
Choice Specs,5.394%,Heliolisk
Life Orb,4.716%,Heliolisk
Other,1.884%,Heliolisk
Life Orb,52.823%,Tapu Bulu
Coba Berry,29.590%,Tapu Bulu
Babiri Berry,8.313%,Tapu Bulu
Assault Vest,4.457%,Tapu Bulu
Other,4.818%,Tapu Bulu
Flame Orb,68.999%,Kangaskhan
Assault Vest,22.102%,Kangaskhan
Life Orb,3.111%,Kangaskhan
Lum Berry,2.522%,Kangaskhan
Other,3.265%,Kangaskhan
Life Orb,52.025%,Moltres
Leftovers,28.452%,Moltres
Rocky Helmet,9.633%,Moltres
Weakness Policy,9.250%,Moltres
Other,0.640%,Moltres
Adrenaline Orb,41.681%,Krookodile
Choice Scarf,33.589%,Krookodile
Weakness Policy,12.225%,Krookodile
Assault Vest,6.131%,Krookodile
Focus Sash,2.072%,Krookodile
Other,4.301%,Krookodile
Psychic Seed,94.111%,Drifblim
Misty Seed,3.228%,Drifblim
Other,2.662%,Drifblim
Focus Sash,33.961%,Excadrill
Assault Vest,27.201%,Excadrill
Life Orb,18.854%,Excadrill
Choice Band,10.430%,Excadrill
Choice Scarf,5.667%,Excadrill
Other,3.887%,Excadrill
Wacan Berry,58.272%,Primarina
Throat Spray,13.511%,Primarina
Choice Specs,9.405%,Primarina
Leftovers,8.437%,Primarina
Assault Vest,3.570%,Primarina
Rindo Berry,2.520%,Primarina
Other,4.286%,Primarina
Coba Berry,68.182%,Shiftry
Life Orb,17.228%,Shiftry
Expert Belt,9.676%,Shiftry
Other,4.914%,Shiftry
Safety Goggles,40.519%,Chandelure
Focus Sash,31.743%,Chandelure
Sitrus Berry,19.876%,Chandelure
Choice Specs,1.859%,Chandelure
Life Orb,1.219%,Chandelure
Other,4.783%,Chandelure
Assault Vest,88.172%,Toxicroak
Life Orb,8.123%,Toxicroak
Other,3.705%,Toxicroak
Life Orb,80.082%,Dracozolt
Choice Band,15.819%,Dracozolt
Other,4.099%,Dracozolt
Focus Sash,83.534%,Sceptile
Choice Specs,4.905%,Sceptile
Light Ball,4.257%,Sceptile
Weakness Policy,3.121%,Sceptile
Other,4.183%,Sceptile
Life Orb,44.761%,Pincurchin
Choice Specs,36.396%,Pincurchin
Electric Seed,14.867%,Pincurchin
Other,3.976%,Pincurchin
Leftovers,30.836%,Aegislash Shield Forme
Life Orb,28.889%,Aegislash Shield Forme
Iron Ball,15.587%,Aegislash Shield Forme
Lagging Tail,5.508%,Aegislash Shield Forme
Aguav Berry,3.348%,Aegislash Shield Forme
Air Balloon,2.834%,Aegislash Shield Forme
Occa Berry,2.787%,Aegislash Shield Forme
Weakness Policy,2.117%,Aegislash Shield Forme
Metal Coat,2.082%,Aegislash Shield Forme
Safety Goggles,0.877%,Aegislash Shield Forme
Lum Berry,0.859%,Aegislash Shield Forme
Other,4.276%,Aegislash Shield Forme
Coba Berry,54.127%,Centiskorch
Safety Goggles,21.084%,Centiskorch
Leftovers,16.943%,Centiskorch
Assault Vest,3.413%,Centiskorch
Other,4.433%,Centiskorch
Sitrus Berry,99.826%,Greedent
Other,0.174%,Greedent
Life Orb,52.519%,Porygon-Z
Silk Scarf,33.092%,Porygon-Z
Assault Vest,12.818%,Porygon-Z
Other,1.571%,Porygon-Z
Focus Sash,89.068%,Butterfree
Choice Scarf,6.238%,Butterfree
Other,4.694%,Butterfree
Choice Scarf,73.236%,Lucario
Life Orb,6.975%,Lucario
Shuca Berry,6.681%,Lucario
Sitrus Berry,5.445%,Lucario
Expert Belt,2.285%,Lucario
Assault Vest,2.044%,Lucario
Other,3.333%,Lucario
Assault Vest,43.262%,Mudsdale
Iron Ball,38.922%,Mudsdale
Weakness Policy,16.058%,Mudsdale
Other,1.758%,Mudsdale
Focus Sash,78.532%,Cherrim
Miracle Seed,9.329%,Cherrim
Coba Berry,4.365%,Cherrim
Sitrus Berry,2.964%,Cherrim
Other,4.810%,Cherrim
Sitrus Berry,81.960%,Exeggutor
Blunder Policy,12.363%,Exeggutor
Psychic Seed,4.871%,Exeggutor
Other,0.806%,Exeggutor
Mago Berry,61.367%,Altaria
Focus Sash,28.807%,Altaria
Sitrus Berry,6.059%,Altaria
Other,3.767%,Altaria
Light Clay,71.158%,Klefki
Safety Goggles,14.903%,Klefki
Leftovers,6.833%,Klefki
Iron Ball,3.586%,Klefki
Other,3.520%,Klefki
Focus Sash,53.211%,Froslass
Adrenaline Orb,38.513%,Froslass
Safety Goggles,6.508%,Froslass
Other,1.769%,Froslass
Weakness Policy,51.724%,Gigalith
Babiri Berry,30.233%,Gigalith
Assault Vest,15.512%,Gigalith
Other,2.531%,Gigalith
Focus Sash,46.971%,Jellicent
Wacan Berry,16.086%,Jellicent
Lum Berry,15.841%,Jellicent
Leftovers,8.714%,Jellicent
Sitrus Berry,5.423%,Jellicent
Life Orb,2.656%,Jellicent
Other,4.308%,Jellicent
Focus Sash,89.668%,Riolu
Mental Herb,8.316%,Riolu
Other,2.016%,Riolu
Weakness Policy,37.405%,Mandibuzz
Wacan Berry,27.604%,Mandibuzz
Psychic Seed,24.165%,Mandibuzz
Leftovers,5.095%,Mandibuzz
Grassy Seed,4.865%,Mandibuzz
Other,0.866%,Mandibuzz
Sitrus Berry,82.803%,Lurantis
Assault Vest,7.919%,Lurantis
Aguav Berry,3.377%,Lurantis
Life Orb,2.879%,Lurantis
Other,3.023%,Lurantis
Focus Sash,37.826%,Latias
Safety Goggles,22.223%,Latias
Sitrus Berry,13.337%,Latias
Roseli Berry,12.260%,Latias
Choice Scarf,9.386%,Latias
Other,4.968%,Latias
Sitrus Berry,73.617%,Alolan Exeggutor
Psychic Seed,9.849%,Alolan Exeggutor
Yache Berry,7.878%,Alolan Exeggutor
Coba Berry,5.680%,Alolan Exeggutor
Other,2.976%,Alolan Exeggutor
Choice Band,33.999%,Dragonite
Weakness Policy,19.822%,Dragonite
Expert Belt,13.940%,Dragonite
Lum Berry,7.799%,Dragonite
Rawst Berry,6.158%,Dragonite
Safety Goggles,4.981%,Dragonite
Assault Vest,3.080%,Dragonite
Dragon Fang,2.660%,Dragonite
Choice Specs,2.192%,Dragonite
Life Orb,1.717%,Dragonite
Other,3.650%,Dragonite
Choice Scarf,87.895%,Darmanitan Standard Mode
Life Orb,9.677%,Darmanitan Standard Mode
Other,2.428%,Darmanitan Standard Mode
Leftovers,47.894%,Cradily
Power Herb,42.168%,Cradily
Iapapa Berry,2.705%,Cradily
Babiri Berry,2.187%,Cradily
Rocky Helmet,1.836%,Cradily
Other,3.211%,Cradily
Focus Sash,64.875%,Obstagoon
Adrenaline Orb,15.766%,Obstagoon
Assault Vest,9.142%,Obstagoon
Flame Orb,7.433%,Obstagoon
Other,2.784%,Obstagoon
Eject Pack,38.036%,Scrafty
Assault Vest,21.587%,Scrafty
Safety Goggles,19.836%,Scrafty
Roseli Berry,11.113%,Scrafty
Leftovers,4.471%,Scrafty
Other,4.958%,Scrafty
Focus Sash,81.442%,Aerodactyl
Life Orb,8.680%,Aerodactyl
Choice Scarf,4.430%,Aerodactyl
Heavy-Duty Boots,1.801%,Aerodactyl
Other,3.647%,Aerodactyl
Weakness Policy,87.997%,Kabutops
Life Orb,11.767%,Kabutops
Other,0.236%,Kabutops
Life Orb,52.814%,Articuno
Babiri Berry,31.760%,Articuno
Weakness Policy,10.774%,Articuno
Other,4.652%,Articuno
Choice Scarf,75.549%,Blacephalon
Life Orb,16.947%,Blacephalon
Choice Specs,3.717%,Blacephalon
Other,3.786%,Blacephalon
Assault Vest,26.922%,Duraludon
Shuca Berry,21.323%,Duraludon
Choice Specs,17.540%,Duraludon
Life Orb,15.096%,Duraludon
Air Balloon,6.727%,Duraludon
Sitrus Berry,3.208%,Duraludon
Weakness Policy,2.975%,Duraludon
Leftovers,2.579%,Duraludon
Other,3.630%,Duraludon
Iron Ball,92.722%,Trevenant
Psychic Seed,3.179%,Trevenant
Other,4.100%,Trevenant
Choice Band,85.405%,Drednaw
Life Orb,8.145%,Drednaw
Weakness Policy,2.015%,Drednaw
Other,4.436%,Drednaw
Air Balloon,57.449%,Heatran
Leftovers,13.694%,Heatran
Shuca Berry,8.076%,Heatran
Choice Scarf,7.008%,Heatran
Chople Berry,6.592%,Heatran
Life Orb,2.888%,Heatran
Other,4.293%,Heatran
Babiri Berry,82.981%,Clefable
Leftovers,11.290%,Clefable
Focus Sash,3.026%,Clefable
Other,2.703%,Clefable
Sitrus Berry,41.473%,Appletun
Leftovers,28.644%,Appletun
Choice Specs,19.493%,Appletun
Yache Berry,7.003%,Appletun
Other,3.386%,Appletun
Focus Sash,43.100%,Bisharp
Life Orb,24.060%,Bisharp
Black Glasses,22.243%,Bisharp
Assault Vest,4.365%,Bisharp
Adrenaline Orb,2.757%,Bisharp
Other,3.476%,Bisharp
Leftovers,96.182%,Registeel
Other,3.818%,Registeel
Weakness Policy,33.591%,Rhyperior
Custap Berry,24.724%,Rhyperior
Zoom Lens,14.640%,Rhyperior
White Herb,10.016%,Rhyperior
Rindo Berry,6.738%,Rhyperior
Life Orb,5.083%,Rhyperior
Aguav Berry,2.303%,Rhyperior
Other,2.905%,Rhyperior
Leftovers,56.743%,Stonjourner
Wide Lens,17.236%,Stonjourner
Focus Sash,9.433%,Stonjourner
Rindo Berry,7.254%,Stonjourner
Air Balloon,3.797%,Stonjourner
Rocky Helmet,2.717%,Stonjourner
Other,2.819%,Stonjourner
Assault Vest,91.626%,Electivire
Choice Band,4.130%,Electivire
Other,4.243%,Electivire
Life Orb,45.181%,Leafeon
Choice Band,25.362%,Leafeon
Assault Vest,25.215%,Leafeon
Other,4.242%,Leafeon
Assault Vest,53.551%,Abomasnow
Light Clay,25.977%,Abomasnow
Focus Sash,19.537%,Abomasnow
Other,0.936%,Abomasnow
Assault Vest,49.621%,Diggersby
Life Orb,43.344%,Diggersby
White Herb,6.428%,Diggersby
Other,0.606%,Diggersby
Weakness Policy,61.733%,Giratina Altered Forme
Leftovers,21.063%,Giratina Altered Forme
Assault Vest,12.923%,Giratina Altered Forme
Other,4.281%,Giratina Altered Forme
White Herb,84.634%,Swoobat
Weakness Policy,9.679%,Swoobat
Focus Sash,2.880%,Swoobat
Other,2.807%,Swoobat
Leftovers,67.236%,Corviknight
Rocky Helmet,11.889%,Corviknight
Occa Berry,10.750%,Corviknight
Lum Berry,4.233%,Corviknight
Weakness Policy,2.141%,Corviknight
Other,3.750%,Corviknight
Choice Specs,43.467%,Vikavolt
Life Orb,35.071%,Vikavolt
Assault Vest,16.896%,Vikavolt
Other,4.567%,Vikavolt
Life Orb,53.866%,Durant
Expert Belt,43.898%,Durant
Other,2.235%,Durant
Leftovers,38.119%,Cresselia
Mental Herb,18.978%,Cresselia
Kee Berry,17.991%,Cresselia
Utility Umbrella,8.739%,Cresselia
Bright Powder,6.188%,Cresselia
Light Clay,3.549%,Cresselia
Wiki Berry,2.360%,Cresselia
Other,4.076%,Cresselia
Focus Sash,98.728%,Mr. Rime
Other,1.272%,Mr. Rime
Life Orb,93.090%,Wishiwashi Solo Form
White Herb,2.945%,Wishiwashi Solo Form
Other,3.965%,Wishiwashi Solo Form
Flame Orb,74.910%,Conkeldurr
Assault Vest,13.355%,Conkeldurr
Life Orb,9.282%,Conkeldurr
Other,2.452%,Conkeldurr
Focus Sash,95.921%,Boltund
Other,4.079%,Boltund
Lum Berry,33.766%,Terrakion
Coba Berry,24.849%,Terrakion
Life Orb,16.407%,Terrakion
Safety Goggles,8.139%,Terrakion
Shuca Berry,6.009%,Terrakion
Focus Sash,5.671%,Terrakion
Weakness Policy,1.225%,Terrakion
Other,3.934%,Terrakion
Assault Vest,81.598%,Cobalion
Life Orb,15.128%,Cobalion
Other,3.273%,Cobalion
Babiri Berry,25.146%,Black Kyurem
Weakness Policy,23.620%,Black Kyurem
Power Herb,22.706%,Black Kyurem
Life Orb,7.170%,Black Kyurem
Lum Berry,6.867%,Black Kyurem
Leftovers,4.157%,Black Kyurem
Assault Vest,3.888%,Black Kyurem
Safety Goggles,3.537%,Black Kyurem
Other,2.909%,Black Kyurem
Focus Sash,82.951%,Mantine
Wacan Berry,11.011%,Mantine
Sitrus Berry,5.075%,Mantine
Other,0.963%,Mantine
Lum Berry,79.752%,Machamp
Focus Sash,8.929%,Machamp
Life Orb,3.239%,Machamp
Assault Vest,2.466%,Machamp
,2.101%,Machamp
Other,3.512%,Machamp
Assault Vest,68.715%,Goodra
Blunder Policy,10.415%,Goodra
Leftovers,6.710%,Goodra
Expert Belt,5.620%,Goodra
Choice Specs,5.385%,Goodra
Other,3.155%,Goodra
Choice Band,56.419%,Silvally
Life Orb,38.499%,Silvally
Normal Gem,5.080%,Silvally
Other,0.001%,Silvally
Focus Sash,80.752%,Accelgor
Leftovers,6.055%,Accelgor
Eject Button,3.577%,Accelgor
Coba Berry,2.503%,Accelgor
Bright Powder,2.404%,Accelgor
Other,4.708%,Accelgor
Assault Vest,48.927%,Xurkitree
Magnet,21.417%,Xurkitree
Air Balloon,18.400%,Xurkitree
Choice Scarf,9.753%,Xurkitree
Other,1.504%,Xurkitree
Life Orb,86.384%,Tauros
Safety Goggles,5.508%,Tauros
Assault Vest,3.810%,Tauros
Other,4.298%,Tauros
Weakness Policy,99.797%,Garbodor
Other,0.203%,Garbodor
Flame Orb,86.430%,Luxray
Iapapa Berry,10.721%,Luxray
Other,2.849%,Luxray
Focus Sash,99.123%,Dugtrio
Other,0.877%,Dugtrio
Occa Berry,40.403%,Mow Rotom
Focus Sash,22.467%,Mow Rotom
Sitrus Berry,18.870%,Mow Rotom
Life Orb,9.646%,Mow Rotom
Leftovers,3.935%,Mow Rotom
Other,4.679%,Mow Rotom
Focus Sash,44.902%,Gengar
Choice Scarf,16.502%,Gengar
Life Orb,10.474%,Gengar
Air Balloon,7.975%,Gengar
Leftovers,7.303%,Gengar
Black Sludge,3.434%,Gengar
Poison Barb,2.603%,Gengar
Lum Berry,2.383%,Gengar
Other,4.425%,Gengar
Focus Sash,50.875%,Glaceon
Life Orb,36.281%,Glaceon
Never-Melt Ice,11.259%,Glaceon
Other,1.585%,Glaceon
Air Balloon,88.335%,Manectric
Choice Specs,4.640%,Manectric
Damp Rock,4.260%,Manectric
Other,2.765%,Manectric
Weakness Policy,83.017%,Palossand
Leftovers,13.929%,Palossand
Other,3.054%,Palossand
Focus Sash,60.468%,Espeon
Choice Scarf,22.267%,Espeon
Life Orb,11.600%,Espeon
Mental Herb,3.964%,Espeon
Other,1.702%,Espeon
Focus Sash,68.577%,Crobat
Mental Herb,26.423%,Crobat
Wide Lens,2.661%,Crobat
Other,2.340%,Crobat
Life Orb,87.843%,Tyrantrum
Assault Vest,11.294%,Tyrantrum
Other,0.863%,Tyrantrum
Choice Scarf,64.809%,Cinccino
Focus Sash,14.727%,Cinccino
Expert Belt,10.712%,Cinccino
Other,2.141%,Cinccino
Sitrus Berry,45.309%,Kommo-o
Throat Spray,40.391%,Kommo-o
Assault Vest,10.972%,Kommo-o
Other,3.328%,Kommo-o
Choice Scarf,58.463%,Blissey
Leftovers,39.970%,Blissey
Other,1.567%,Blissey
Focus Sash,68.264%,Cloyster
White Herb,26.789%,Cloyster
Other,4.947%,Cloyster
Focus Sash,29.963%,Blaziken
Wide Lens,19.220%,Blaziken
Air Balloon,17.931%,Blaziken
Life Orb,14.447%,Blaziken
Expert Belt,12.116%,Blaziken
Heavy-Duty Boots,3.682%,Blaziken
Other,2.641%,Blaziken
Assault Vest,84.051%,Drampa
Life Orb,12.481%,Drampa
Other,3.469%,Drampa
Focus Sash,45.365%,Hawlucha
Psychic Seed,41.198%,Hawlucha
Expert Belt,8.049%,Hawlucha
Grassy Seed,3.201%,Hawlucha
Other,2.186%,Hawlucha
Focus Sash,50.418%,Mime Galarian Mr. Mime
Eviolite,49.582%,Mime Galarian Mr. Mime
Other,0.000%,Mime Galarian Mr. Mime
Aguav Berry,35.781%,Grapploct
Sitrus Berry,22.242%,Grapploct
Leftovers,19.364%,Grapploct
Focus Sash,10.171%,Grapploct
Figy Berry,4.341%,Grapploct
Assault Vest,3.435%,Grapploct
Other,4.666%,Grapploct
Focus Sash,58.529%,Zoroark
Life Orb,9.622%,Zoroark
Choice Scarf,9.235%,Zoroark
Black Glasses,5.967%,Zoroark
Choice Specs,5.742%,Zoroark
Expert Belt,2.773%,Zoroark
Choice Band,2.465%,Zoroark
Throat Spray,2.094%,Zoroark
Other,3.574%,Zoroark
Wide Lens,46.914%,Lilligant
Focus Sash,26.615%,Lilligant
Figy Berry,16.976%,Lilligant
Mental Herb,3.271%,Lilligant
Miracle Seed,2.343%,Lilligant
Other,3.880%,Lilligant
Life Orb,38.251%,Clawitzer
Choice Specs,18.107%,Clawitzer
Assault Vest,13.470%,Clawitzer
Aguav Berry,10.097%,Clawitzer
Expert Belt,7.073%,Clawitzer
Focus Sash,3.846%,Clawitzer
Sitrus Berry,3.234%,Clawitzer
Rindo Berry,2.714%,Clawitzer
Other,3.207%,Clawitzer
Assault Vest,94.662%,Qwilfish
Focus Sash,3.498%,Qwilfish
Other,1.840%,Qwilfish
Choice Scarf,84.720%,Haxorus
Life Orb,7.720%,Haxorus
Choice Band,2.800%,Haxorus
Other,4.760%,Haxorus
Weakness Policy,27.678%,Dhelmise
Assault Vest,22.910%,Dhelmise
Iron Ball,20.090%,Dhelmise
Life Orb,16.769%,Dhelmise
Room Service,4.092%,Dhelmise
Figy Berry,3.269%,Dhelmise
Aguav Berry,1.816%,Dhelmise
Other,3.375%,Dhelmise
Room Service,24.939%,Runerigus
Weakness Policy,20.736%,Runerigus
Leftovers,16.247%,Runerigus
Kasib Berry,14.341%,Runerigus
Mental Herb,8.190%,Runerigus
Focus Sash,2.679%,Runerigus
Red Card,1.651%,Runerigus
Psychic Seed,1.644%,Runerigus
Colbur Berry,1.493%,Runerigus
Rocky Helmet,1.438%,Runerigus
Iapapa Berry,1.402%,Runerigus
Aguav Berry,1.370%,Runerigus
Other,3.869%,Runerigus
Lum Berry,49.678%,Braviary
Safety Goggles,18.173%,Braviary
Life Orb,14.766%,Braviary
Focus Sash,7.310%,Braviary
Assault Vest,3.728%,Braviary
Adrenaline Orb,1.414%,Braviary
Other,4.930%,Braviary
Life Orb,28.509%,Virizion
Assault Vest,19.252%,Virizion
Weakness Policy,18.271%,Virizion
Coba Berry,12.306%,Virizion
Lum Berry,6.238%,Virizion
Kee Berry,3.770%,Virizion
Mago Berry,3.232%,Virizion
Leftovers,2.859%,Virizion
Grassy Seed,1.501%,Virizion
Other,4.063%,Virizion
Eviolite,98.257%,Togetic
Other,1.743%,Togetic
Choice Specs,27.238%,Alolan Raichu
Focus Sash,22.574%,Alolan Raichu
Magnet,22.470%,Alolan Raichu
Life Orb,17.894%,Alolan Raichu
Expert Belt,3.513%,Alolan Raichu
Colbur Berry,2.319%,Alolan Raichu
Other,3.993%,Alolan Raichu
Life Orb,33.198%,Beartic
Choice Band,28.503%,Beartic
Assault Vest,24.972%,Beartic
Expert Belt,4.724%,Beartic
Never-Melt Ice,4.253%,Beartic
Other,4.350%,Beartic
Assault Vest,30.805%,Copperajah
Weakness Policy,29.296%,Copperajah
Life Orb,19.829%,Copperajah
Expert Belt,6.682%,Copperajah
Aguav Berry,5.539%,Copperajah
Cell Battery,2.872%,Copperajah
Other,4.978%,Copperajah
Life Orb,77.662%,Flapple
Choice Band,5.750%,Flapple
Wide Lens,5.685%,Flapple
Liechi Berry,3.293%,Flapple
Haban Berry,2.576%,Flapple
Muscle Band,0.990%,Flapple
Other,4.044%,Flapple
Pixie Plate,36.687%,Sylveon
Choice Specs,27.632%,Sylveon
Throat Spray,23.819%,Sylveon
Assault Vest,2.986%,Sylveon
Babiri Berry,2.569%,Sylveon
Life Orb,1.710%,Sylveon
Other,4.597%,Sylveon
Psychic Seed,84.908%,Slurpuff
Sitrus Berry,8.088%,Slurpuff
Grassy Seed,3.463%,Slurpuff
Other,3.541%,Slurpuff
Sitrus Berry,80.486%,Eiscue Ice Face
Salac Berry,6.532%,Eiscue Ice Face
Weakness Policy,5.846%,Eiscue Ice Face
Iapapa Berry,3.591%,Eiscue Ice Face
Other,3.544%,Eiscue Ice Face
Sitrus Berry,22.550%,Hippowdon
Rindo Berry,22.019%,Hippowdon
Iapapa Berry,17.819%,Hippowdon
Leftovers,9.570%,Hippowdon
Aguav Berry,8.821%,Hippowdon
Weakness Policy,6.626%,Hippowdon
Lum Berry,6.100%,Hippowdon
Assault Vest,1.639%,Hippowdon
Other,4.856%,Hippowdon
Life Orb,44.445%,Alakazam
Focus Sash,36.549%,Alakazam
Choice Specs,9.725%,Alakazam
Wise Glasses,1.950%,Alakazam
Twisted Spoon,1.684%,Alakazam
Eviolite,1.412%,Alakazam
Other,4.236%,Alakazam
Eviolite,98.396%,Torracat
Other,1.604%,Torracat
Psychic Seed,76.335%,Thievul
Grassy Seed,16.132%,Thievul
Weakness Policy,4.363%,Thievul
Other,3.170%,Thievul
Weakness Policy,24.960%,Arctozolt
Magnet,21.542%,Arctozolt
Assault Vest,20.999%,Arctozolt
Choice Scarf,13.041%,Arctozolt
Choice Band,10.288%,Arctozolt
Life Orb,5.161%,Arctozolt
Other,4.009%,Arctozolt
Colbur Berry,55.098%,Cofagrigus
Mental Herb,19.563%,Cofagrigus
Sitrus Berry,10.380%,Cofagrigus
Leftovers,9.264%,Cofagrigus
Rocky Helmet,2.061%,Cofagrigus
Other,3.634%,Cofagrigus
Power Herb,41.063%,Starmie
Choice Specs,37.533%,Starmie
Focus Sash,7.850%,Starmie
Choice Scarf,4.185%,Starmie
Weakness Policy,3.317%,Starmie
Mystic Water,2.794%,Starmie
Other,3.258%,Starmie
Assault Vest,74.544%,Turtonator
Grassy Seed,8.421%,Turtonator
White Herb,5.337%,Turtonator
Leftovers,4.795%,Turtonator
Weakness Policy,3.016%,Turtonator
Other,3.887%,Turtonator
Life Orb,60.663%,Sharpedo
Chople Berry,14.327%,Sharpedo
Focus Sash,11.169%,Sharpedo
Weakness Policy,7.738%,Sharpedo
Choice Scarf,2.660%,Sharpedo
Other,3.443%,Sharpedo
Focus Sash,57.047%,Salazzle
Air Balloon,12.741%,Salazzle
Safety Goggles,10.258%,Salazzle
Liechi Berry,9.033%,Salazzle
,5.419%,Salazzle
Other,3.930%,Salazzle
Eject Pack,24.700%,Ninetales
Choice Specs,18.971%,Ninetales
Heat Rock,18.450%,Ninetales
Focus Sash,10.784%,Ninetales
Wide Lens,6.675%,Ninetales
Charcoal,5.091%,Ninetales
Choice Scarf,5.061%,Ninetales
Life Orb,3.869%,Ninetales
Wiki Berry,1.762%,Ninetales
Other,4.637%,Ninetales
Leek,50.953%,Sirfetch'd
Focus Sash,45.164%,Sirfetch'd
Other,3.884%,Sirfetch'd
Safety Goggles,37.307%,Emolga
Choice Scarf,32.253%,Emolga
Aguav Berry,14.192%,Emolga
Focus Sash,9.928%,Emolga
Rocky Helmet,2.717%,Emolga
Other,3.603%,Emolga
Focus Sash,89.934%,Ribombee
Mental Herb,4.448%,Ribombee
Rocky Helmet,1.604%,Ribombee
Other,4.015%,Ribombee
Power Lens,76.569%,Charjabug
Eviolite,16.998%,Charjabug
Rocky Helmet,3.207%,Charjabug
Other,3.226%,Charjabug
Choice Specs,44.997%,Toxtricity Low Key Form
Magnet,25.254%,Toxtricity Low Key Form
Life Orb,11.285%,Toxtricity Low Key Form
Focus Sash,7.384%,Toxtricity Low Key Form
Throat Spray,3.151%,Toxtricity Low Key Form
Choice Scarf,2.784%,Toxtricity Low Key Form
Air Balloon,1.719%,Toxtricity Low Key Form
Other,3.426%,Toxtricity Low Key Form
Iapapa Berry,46.417%,Vaporeon
Leftovers,27.610%,Vaporeon
Sitrus Berry,12.031%,Vaporeon
Life Orb,3.541%,Vaporeon
Rindo Berry,2.387%,Vaporeon
Weakness Policy,2.266%,Vaporeon
Aguav Berry,2.155%,Vaporeon
Other,3.594%,Vaporeon
Iron Ball,34.087%,Mr. Mime
Babiri Berry,32.431%,Mr. Mime
Power Anklet,25.023%,Mr. Mime
Eviolite,2.501%,Mr. Mime
Weakness Policy,1.872%,Mr. Mime
Other,4.085%,Mr. Mime
Weakness Policy,39.405%,Magnezone
Expert Belt,11.225%,Magnezone
Grassy Seed,9.428%,Magnezone
Choice Specs,7.584%,Magnezone
Iapapa Berry,6.514%,Magnezone
Magnet,5.609%,Magnezone
Assault Vest,5.167%,Magnezone
Leftovers,5.146%,Magnezone
Life Orb,2.665%,Magnezone
Air Balloon,2.571%,Magnezone
Other,4.686%,Magnezone
Assault Vest,38.301%,Gallade
Life Orb,14.512%,Gallade
Focus Sash,7.441%,Gallade
Choice Band,6.446%,Gallade
Psychic Seed,5.359%,Gallade
Room Service,4.492%,Gallade
Sitrus Berry,3.864%,Gallade
Black Belt,3.012%,Gallade
Expert Belt,2.997%,Gallade
Safety Goggles,2.705%,Gallade
Muscle Band,2.198%,Gallade
Iapapa Berry,1.877%,Gallade
Aguav Berry,1.373%,Gallade
Blunder Policy,1.219%,Gallade
Other,4.204%,Gallade
Assault Vest,48.075%,Lopunny
Toxic Orb,24.857%,Lopunny
Leftovers,6.876%,Lopunny
Focus Sash,4.586%,Lopunny
Choice Specs,3.911%,Lopunny
Lum Berry,3.909%,Lopunny
Flame Orb,2.310%,Lopunny
Weakness Policy,0.959%,Lopunny
Other,4.516%,Lopunny
Focus Sash,90.730%,Gourgeist Small Size
Sitrus Berry,5.267%,Gourgeist Small Size
Other,4.003%,Gourgeist Small Size
Sitrus Berry,57.552%,Malamar
Leftovers,12.320%,Malamar
Roseli Berry,8.546%,Malamar
Rocky Helmet,6.800%,Malamar
Assault Vest,6.003%,Malamar
Metronome,1.373%,Malamar
Life Orb,1.122%,Malamar
Black Glasses,1.111%,Malamar
Focus Sash,1.102%,Malamar
Other,4.072%,Malamar
Assault Vest,35.357%,Golisopod
Weakness Policy,15.797%,Golisopod
Room Service,12.637%,Golisopod
Life Orb,9.839%,Golisopod
Sitrus Berry,8.482%,Golisopod
Aguav Berry,5.693%,Golisopod
Heavy-Duty Boots,3.575%,Golisopod
Safety Goggles,2.789%,Golisopod
Expert Belt,1.840%,Golisopod
Other,3.992%,Golisopod
Choice Scarf,41.004%,Golduck
Rindo Berry,25.965%,Golduck
Focus Sash,13.610%,Golduck
Life Orb,7.049%,Golduck
Aguav Berry,2.173%,Golduck
Expert Belt,1.954%,Golduck
Rocky Helmet,1.480%,Golduck
Sitrus Berry,1.344%,Golduck
Choice Specs,1.273%,Golduck
Other,4.148%,Golduck
Focus Sash,37.706%,Shiinotic
Room Service,35.425%,Shiinotic
Leftovers,11.130%,Shiinotic
Bright Powder,7.719%,Shiinotic
Assault Vest,3.951%,Shiinotic
Other,4.069%,Shiinotic
Focus Sash,60.968%,Lycanroc Dusk Form
Life Orb,22.884%,Lycanroc Dusk Form
Expert Belt,8.117%,Lycanroc Dusk Form
Choice Band,5.891%,Lycanroc Dusk Form
Other,2.139%,Lycanroc Dusk Form
Razor Claw,70.445%,Unfezant
Scope Lens,24.219%,Unfezant
Focus Sash,3.775%,Unfezant
Other,1.561%,Unfezant
Assault Vest,38.124%,Perrserker
Choice Band,18.044%,Perrserker
Life Orb,17.083%,Perrserker
Focus Sash,12.699%,Perrserker
Weakness Policy,5.977%,Perrserker
Occa Berry,5.246%,Perrserker
Other,2.826%,Perrserker
Psychic Seed,49.835%,Galarian Slowbro
Safety Goggles,12.307%,Galarian Slowbro
Quick Claw,12.002%,Galarian Slowbro
Colbur Berry,4.861%,Galarian Slowbro
Life Orb,3.491%,Galarian Slowbro
Weakness Policy,3.195%,Galarian Slowbro
Sitrus Berry,2.653%,Galarian Slowbro
Assault Vest,2.182%,Galarian Slowbro
Twisted Spoon,2.149%,Galarian Slowbro
Aguav Berry,1.480%,Galarian Slowbro
Expert Belt,0.783%,Galarian Slowbro
Choice Specs,0.763%,Galarian Slowbro
Other,4.298%,Galarian Slowbro
Assault Vest,75.369%,Bouffalant
Life Orb,12.927%,Bouffalant
Muscle Band,2.850%,Bouffalant
Aguav Berry,2.484%,Bouffalant
Expert Belt,1.997%,Bouffalant
Other,4.372%,Bouffalant
Expert Belt,57.415%,Frost Rotom
Wiki Berry,17.454%,Frost Rotom
Grassy Seed,13.075%,Frost Rotom
Choice Scarf,10.807%,Frost Rotom
Other,1.249%,Frost Rotom
Focus Sash,73.190%,Roserade
Wide Lens,13.062%,Roserade
Choice Specs,6.574%,Roserade
Life Orb,3.059%,Roserade
Other,4.114%,Roserade
Coba Berry,35.868%,Tangrowth
Rocky Helmet,20.124%,Tangrowth
Psychic Seed,15.233%,Tangrowth
Leftovers,13.493%,Tangrowth
Eject Button,6.901%,Tangrowth
Assault Vest,4.292%,Tangrowth
Other,4.088%,Tangrowth
Weakness Policy,31.602%,Sandaconda
Passho Berry,27.201%,Sandaconda
Leftovers,16.823%,Sandaconda
Assault Vest,9.471%,Sandaconda
Binding Band,6.548%,Sandaconda
Sitrus Berry,1.582%,Sandaconda
Smooth Rock,1.547%,Sandaconda
Rocky Helmet,1.247%,Sandaconda
Other,3.977%,Sandaconda
Weakness Policy,48.358%,Polteageist
Rocky Helmet,24.847%,Polteageist
Focus Sash,16.971%,Polteageist
Mental Herb,4.109%,Polteageist
White Herb,3.095%,Polteageist
Other,2.619%,Polteageist
Eviolite,99.924%,Tangela
Other,0.076%,Tangela
Focus Sash,90.979%,Morpeko Full Belly Mode
Aguav Berry,3.870%,Morpeko Full Belly Mode
Figy Berry,1.640%,Morpeko Full Belly Mode
Other,3.511%,Morpeko Full Belly Mode
Wide Lens,85.111%,Eldegoss
Leftovers,5.815%,Eldegoss
Heavy-Duty Boots,5.373%,Eldegoss
Other,3.701%,Eldegoss
Babiri Berry,80.999%,Aromatisse
Light Clay,13.098%,Aromatisse
Figy Berry,1.752%,Aromatisse
Other,4.152%,Aromatisse
Assault Vest,68.910%,Miltank
Leftovers,11.040%,Miltank
Psychic Seed,5.635%,Miltank
Chople Berry,3.319%,Miltank
Rocky Helmet,2.553%,Miltank
Expert Belt,1.735%,Miltank
Life Orb,1.539%,Miltank
Sitrus Berry,1.431%,Miltank
Other,3.839%,Miltank
Coba Berry,69.529%,Gourgeist Super Size
Figy Berry,15.773%,Gourgeist Super Size
Colbur Berry,8.338%,Gourgeist Super Size
Aguav Berry,2.070%,Gourgeist Super Size
Other,4.289%,Gourgeist Super Size
Life Orb,43.352%,Crawdaunt
Assault Vest,19.958%,Crawdaunt
Mystic Water,18.918%,Crawdaunt
Focus Sash,13.476%,Crawdaunt
Other,4.296%,Crawdaunt
Flame Orb,41.887%,Heracross
Lum Berry,14.900%,Heracross
Choice Scarf,13.669%,Heracross
Focus Sash,10.013%,Heracross
Life Orb,6.654%,Heracross
Assault Vest,3.215%,Heracross
Expert Belt,2.983%,Heracross
Wide Lens,2.912%,Heracross
Other,3.767%,Heracross
Eviolite,99.505%,Magneton
Other,0.495%,Magneton
Sitrus Berry,25.676%,Stoutland
Focus Sash,19.111%,Stoutland
Aguav Berry,18.064%,Stoutland
Life Orb,11.865%,Stoutland
Chople Berry,4.195%,Stoutland
Silk Scarf,3.653%,Stoutland
Iapapa Berry,3.551%,Stoutland
Figy Berry,3.547%,Stoutland
Mental Herb,1.564%,Stoutland
Choice Scarf,1.548%,Stoutland
Choice Band,1.233%,Stoutland
Leftovers,1.066%,Stoutland
Other,4.927%,Stoutland
Focus Sash,51.788%,Noivern
Lum Berry,23.306%,Noivern
Life Orb,7.209%,Noivern
Weakness Policy,3.635%,Noivern
Assault Vest,2.886%,Noivern
Haban Berry,2.605%,Noivern
Dragon Fang,2.063%,Noivern
Rocky Helmet,1.847%,Noivern
Other,4.661%,Noivern
Aguav Berry,48.911%,Claydol
Leftovers,22.161%,Claydol
Iron Ball,10.930%,Claydol
Rocky Helmet,9.620%,Claydol
Safety Goggles,3.680%,Claydol
Other,4.698%,Claydol
Life Orb,47.007%,Jolteon
Focus Sash,27.731%,Jolteon
Magnet,10.602%,Jolteon
Choice Specs,8.114%,Jolteon
Expert Belt,3.816%,Jolteon
Other,2.731%,Jolteon
Focus Sash,48.665%,Vileplume
Wide Lens,44.347%,Vileplume
Black Sludge,4.624%,Vileplume
Other,2.364%,Vileplume
Power Herb,19.598%,Cursola
Focus Sash,18.920%,Cursola
Weakness Policy,16.755%,Cursola
Expert Belt,14.780%,Cursola
Choice Specs,10.157%,Cursola
Life Orb,7.523%,Cursola
Assault Vest,4.934%,Cursola
Iron Ball,2.825%,Cursola
Other,4.510%,Cursola
Life Orb,33.746%,Falinks
Psychic Seed,16.373%,Falinks
Weakness Policy,14.710%,Falinks
Grassy Seed,10.496%,Falinks
Focus Sash,6.928%,Falinks
Lum Berry,3.731%,Falinks
Protective Pads,3.682%,Falinks
Choice Scarf,2.658%,Falinks
Coba Berry,2.262%,Falinks
Expert Belt,1.568%,Falinks
Other,3.847%,Falinks
Aguav Berry,37.886%,Dedenne
Sitrus Berry,27.526%,Dedenne
Choice Scarf,19.245%,Dedenne
Focus Sash,12.118%,Dedenne
Other,3.225%,Dedenne
Life Orb,75.350%,Flygon
Choice Band,8.993%,Flygon
Expert Belt,3.668%,Flygon
Lum Berry,2.438%,Flygon
Focus Sash,2.121%,Flygon
Choice Scarf,1.959%,Flygon
Psychic Seed,1.811%,Flygon
Other,3.660%,Flygon
Weakness Policy,68.372%,Crustle
Focus Sash,16.910%,Crustle
White Herb,13.241%,Crustle
Other,1.478%,Crustle
Colbur Berry,42.579%,Reuniclus
Life Orb,27.187%,Reuniclus
Mental Herb,9.338%,Reuniclus
Weakness Policy,6.782%,Reuniclus
Leftovers,2.341%,Reuniclus
Twisted Spoon,2.199%,Reuniclus
Sitrus Berry,1.883%,Reuniclus
Room Service,1.573%,Reuniclus
Kasib Berry,1.172%,Reuniclus
Other,4.946%,Reuniclus
Life Orb,46.318%,Dusknoir
Colbur Berry,15.255%,Dusknoir
Weakness Policy,15.012%,Dusknoir
Leftovers,5.891%,Dusknoir
Mental Herb,4.098%,Dusknoir
Assault Vest,3.679%,Dusknoir
Kasib Berry,3.224%,Dusknoir
Figy Berry,1.812%,Dusknoir
Other,4.713%,Dusknoir
Shuca Berry,27.881%,Drapion
Safety Goggles,26.379%,Drapion
Assault Vest,24.041%,Drapion
Scope Lens,17.344%,Drapion
Other,4.355%,Drapion
Choice Specs,62.177%,Exploud
Throat Spray,30.025%,Exploud
Life Orb,6.443%,Exploud
Other,1.355%,Exploud
Lum Berry,42.303%,Wigglytuff
Life Orb,23.098%,Wigglytuff
Assault Vest,11.425%,Wigglytuff
Sitrus Berry,8.851%,Wigglytuff
Babiri Berry,5.342%,Wigglytuff
Weakness Policy,1.636%,Wigglytuff
Choice Specs,1.177%,Wigglytuff
Eject Button,1.133%,Wigglytuff
Pixie Plate,0.921%,Wigglytuff
Other,4.115%,Wigglytuff
Psychic Seed,70.289%,Gardevoir
Focus Sash,6.589%,Gardevoir
Choice Scarf,4.174%,Gardevoir
Choice Specs,3.618%,Gardevoir
Safety Goggles,3.616%,Gardevoir
Assault Vest,2.363%,Gardevoir
Babiri Berry,1.992%,Gardevoir
Life Orb,1.675%,Gardevoir
Sitrus Berry,1.548%,Gardevoir
Other,4.136%,Gardevoir
Eviolite,99.513%,Galarian Corsola
Other,0.487%,Galarian Corsola
Focus Sash,84.709%,Vanilluxe
Choice Scarf,6.739%,Vanilluxe
Never-Melt Ice,4.475%,Vanilluxe
Other,4.077%,Vanilluxe
Rindo Berry,84.313%,Seaking
Aguav Berry,6.007%,Seaking
Leftovers,3.961%,Seaking
Choice Scarf,3.335%,Seaking
Other,2.384%,Seaking
Focus Sash,79.226%,Sigilyph
Weakness Policy,7.001%,Sigilyph
Blunder Policy,4.766%,Sigilyph
Life Orb,2.186%,Sigilyph
Safety Goggles,1.871%,Sigilyph
Other,4.950%,Sigilyph
Assault Vest,38.667%,Decidueye
Choice Specs,19.346%,Decidueye
Life Orb,13.526%,Decidueye
Weakness Policy,12.978%,Decidueye
Sitrus Berry,8.515%,Decidueye
Choice Scarf,3.458%,Decidueye
Other,3.510%,Decidueye
Focus Sash,81.587%,Galvantula
Assault Vest,11.132%,Galvantula
Life Orb,6.186%,Galvantula
Other,1.095%,Galvantula
Weakness Policy,95.378%,Arctovish
Other,4.622%,Arctovish
Leftovers,34.710%,Maractus
Expert Belt,25.798%,Maractus
Focus Sash,14.423%,Maractus
Sitrus Berry,12.300%,Maractus
Choice Specs,5.592%,Maractus
Room Service,3.537%,Maractus
Other,3.641%,Maractus
Weakness Policy,41.961%,Orbeetle
Leftovers,23.147%,Orbeetle
Sitrus Berry,12.684%,Orbeetle
Focus Sash,10.922%,Orbeetle
Light Clay,3.045%,Orbeetle
Life Orb,1.751%,Orbeetle
Safety Goggles,1.214%,Orbeetle
Aguav Berry,0.882%,Orbeetle
Other,4.394%,Orbeetle
Assault Vest,40.401%,Passimian
Weakness Policy,36.941%,Passimian
Choice Scarf,6.150%,Passimian
Coba Berry,3.197%,Passimian
Life Orb,2.688%,Passimian
Focus Sash,2.601%,Passimian
Payapa Berry,2.393%,Passimian
Expert Belt,1.981%,Passimian
Other,3.648%,Passimian
Expert Belt,61.106%,Ninjask
Focus Sash,33.582%,Ninjask
Choice Band,2.360%,Ninjask
Other,2.951%,Ninjask
Rocky Helmet,92.811%,Druddigon
Life Orb,5.177%,Druddigon
Other,2.011%,Druddigon
Focus Sash,35.039%,Lycanroc Midday Form
Choice Band,27.490%,Lycanroc Midday Form
Weakness Policy,22.291%,Lycanroc Midday Form
Life Orb,12.932%,Lycanroc Midday Form
Other,2.249%,Lycanroc Midday Form
Life Orb,40.397%,Beheeyem
Power Herb,39.385%,Beheeyem
Focus Sash,9.300%,Beheeyem
Choice Specs,4.776%,Beheeyem
Kasib Berry,3.705%,Beheeyem
Other,2.436%,Beheeyem
Thick Club,100.000%,Marowak
Other,0.000%,Marowak
Weakness Policy,47.830%,Tentacruel
Expert Belt,27.876%,Tentacruel
Life Orb,8.268%,Tentacruel
Black Sludge,3.706%,Tentacruel
Assault Vest,3.319%,Tentacruel
Safety Goggles,2.558%,Tentacruel
Lum Berry,2.009%,Tentacruel
Other,4.433%,Tentacruel
Weakness Policy,51.060%,Dragalge
Life Orb,34.982%,Dragalge
Safety Goggles,6.299%,Dragalge
Aguav Berry,2.851%,Dragalge
Other,4.808%,Dragalge
Toxic Orb,90.428%,Flareon
Choice Scarf,7.290%,Flareon
Other,2.281%,Flareon
Leftovers,81.296%,Bewear
Assault Vest,13.436%,Bewear
Lum Berry,3.722%,Bewear
Other,1.545%,Bewear
Eviolite,74.559%,Scyther
Choice Band,14.562%,Scyther
Life Orb,9.366%,Scyther
Other,1.513%,Scyther
Life Orb,62.151%,Alolan Sandslash
Focus Sash,15.764%,Alolan Sandslash
Assault Vest,7.375%,Alolan Sandslash
Expert Belt,4.438%,Alolan Sandslash
Snowball,3.918%,Alolan Sandslash
Choice Band,3.660%,Alolan Sandslash
Other,2.694%,Alolan Sandslash
Sitrus Berry,69.668%,Poliwrath
Weakness Policy,11.898%,Poliwrath
Assault Vest,9.083%,Poliwrath
Life Orb,3.757%,Poliwrath
Choice Band,1.162%,Poliwrath
Other,4.433%,Poliwrath
Razor Claw,48.287%,Lycanroc Midnight Form
Life Orb,12.256%,Lycanroc Midnight Form
Expert Belt,9.895%,Lycanroc Midnight Form
Choice Band,7.634%,Lycanroc Midnight Form
Assault Vest,6.428%,Lycanroc Midnight Form
Weakness Policy,6.419%,Lycanroc Midnight Form
Choice Scarf,4.228%,Lycanroc Midnight Form
Other,4.855%,Lycanroc Midnight Form
Life Orb,60.413%,Golurk
Weakness Policy,19.724%,Golurk
Assault Vest,9.524%,Golurk
Spell Tag,2.468%,Golurk
Expert Belt,2.161%,Golurk
Iron Ball,1.767%,Golurk
Other,3.941%,Golurk
Assault Vest,39.115%,Lickilicky
Weakness Policy,16.817%,Lickilicky
Sitrus Berry,12.852%,Lickilicky
Aguav Berry,8.984%,Lickilicky
Normal Gem,7.409%,Lickilicky
Choice Band,5.673%,Lickilicky
Leftovers,3.901%,Lickilicky
Life Orb,2.425%,Lickilicky
Other,2.824%,Lickilicky
Sitrus Berry,85.332%,Fan Rotom
Life Orb,7.053%,Fan Rotom
Light Clay,2.711%,Fan Rotom
Other,4.904%,Fan Rotom
Psychic Seed,32.861%,Hitmonlee
Weakness Policy,28.109%,Hitmonlee
Grassy Seed,26.315%,Hitmonlee
Electric Seed,7.365%,Hitmonlee
Normal Gem,3.361%,Hitmonlee
Other,1.989%,Hitmonlee
Life Orb,42.757%,Scolipede
Focus Sash,30.107%,Scolipede
Choice Band,18.057%,Scolipede
Assault Vest,3.173%,Scolipede
Weakness Policy,2.033%,Scolipede
Other,3.873%,Scolipede
Leftovers,48.323%,Dunsparce
Choice Scarf,15.581%,Dunsparce
Choice Band,11.026%,Dunsparce
Assault Vest,8.867%,Dunsparce
Blunder Policy,5.559%,Dunsparce
Focus Sash,3.155%,Dunsparce
Chople Berry,1.963%,Dunsparce
Metronome,1.395%,Dunsparce
Other,4.132%,Dunsparce
Assault Vest,58.981%,Sandslash
Life Orb,18.352%,Sandslash
Expert Belt,14.834%,Sandslash
Focus Sash,2.969%,Sandslash
Other,4.864%,Sandslash
Weakness Policy,92.204%,Steelix
Assault Vest,2.849%,Steelix
Other,4.947%,Steelix
Weakness Policy,56.892%,Noctowl
Sharp Beak,25.683%,Noctowl
Life Orb,7.174%,Noctowl
Throat Spray,5.933%,Noctowl
Other,4.318%,Noctowl
Weakness Policy,99.266%,Corsola
Other,0.734%,Corsola
Focus Sash,99.860%,Mime Jr.
Other,0.140%,Mime Jr.
Figy Berry,99.986%,Gourgeist Large Size
Other,0.014%,Gourgeist Large Size
